DIAGNOSIS CODE,DESCRIPTION,Fall in exceptional report
E18,"ABDOMINAL COLIC, PAIN",N
J09,"ABSCESS, LUMP, CYST, WART, MASS, NODULE, LIPOMA",N
G16,"BREAST TUMOR/LUMP, FIBROADENOMA",N
C03,BRONCHITIS,N
N12,CATARACT,N
B01,COMMON COLD/CORYZA/INFLUENZA/UPPER RESPIRATORY TRACT INFECTION (URTI)                                    ,N
N03,CONJUNCTIVITIS,N
J01,"DERMATITIS (ALLERGIC, CONTACT, NEURO)",N
G01,DYSFUNCTIONAL UTERINE BLEEDING/MENORRHAGIA,N
I11,"EAR INFECTION, OTALGIA",N
J02,ECZEMA,N
E02,GASTROENTERITIS,N
F01,GLYCOSURIA/DIABETES MELLITUS,N
E12,"HAEMORRHOID, PILES, P.R. BLEEDING",N
F08,"HYPERLIPIDEMIA, HYPERTRIGLYCERIDEMIA",N
D06,HYPERTENSION (HT) / HIGH BLOOD PRESSION (HBP),N
K05,LOW BACK PAIN/LUMBAGO,N
K11,MUSCULAR STRAIN/FROZEN SHOULDER,N
K10,NECK PAIN,N
G15,OVARIAN CYST/UTERINE FIBROIDS,N
B04,PHARYNGITIS/HERPANGINA,N
B02,RHINITIS,N
H02,URINARY TRACT INFECTION,N
A01,Fever; Pyrexia; Febrility,N
A02,Oedema,Y
A03,Headache; Cephalgia,N
A04,Vomiting; Nausea,N
A05,Cough; Pertussis,N
A06,Haematuria,N
A07,Hemoptysis,N
A08,Palpitation,N
A09,Viraemia,N
A11,Depression; Neurosis; Neurasthenia; Insomnia,Y
A12,Allergy,N
A15,Obesity (R14),Y
A16,Weight Loss,Y
A21,Weakness of Limb,N
A22,Distubance of Skin Sensations Numbness; Paraesthesia; Tingling,N
A23,Jaundice,Y
A24,Cyanosis,Y
A25,Dyspnoea; Shortness of Breath,N
A26,Hiccough,N
A27,Dysphagia; Difficulty in Swallowing,N
A28,Malaise; Tired; Fatigue; Amyasthenia; Lethargy,Y
A29,Tremor,N
A31,Polyphagia (R14),Y
A32,Dysphasia; Slurred speech,Y
A33,Loss of Consciousness; Coma & Stupor,N
A34,Delayed Puberty,Y
A35,Diaetary Advice; Feeding problem,Y
A36,Anxiety,N
A37,Vertigo; Dizziness; Syncope; Giddiness,N
A38,Spasm; Cramps,N
A39,Abnormal ECG,Y
A40,Abnormal Live Function Test,Y
A41,Abnormal Red Blood Cells; White Blood Cells; ESR,Y
A43,Developmental ; Educational Assessment (R14),Y
A45,Precocious Puberty (R14),Y
A47,Activity Difficiency Hyperactivity Disorder (ADHD),Y
B01,Common Cold; Coryza; Influenza; Upper Respiratory Tract Infection (URTI; URI),N
B02,Rhinitis; Vasomotor Rhinitis (VMR),N
B04,Pharyngitis; Herpangina,N
B05,Tonsillitis; Quinsy,N
B06,Nasopharyngitis,N
C01,Bronchopneumonia,N
C02,Pneumonia,N
C03,Bronchitis (Acute/ Chronic); Bronchiolitis,N
C04,Asthmatic Bronchitis; Bronchial Asthma,N
C05,Pulmonary Tuberculosis (PTB/TB),N
C07,Allergic Asthma,N
C08,Pleural Effusion; Pleurisy,N
C09,Tracheitis; Croup,N
C10,Bronchiospasm,N
C11,Pneumothorax,N
C12,Chronic Obstructive Airway Disease (COAD),N
C13,Sleep Apnea Syndrome (OSA),N
C14,Emphysema,N
C15,Allergic Airway,N
C16,Bronchiectasis,N
C17,Alveolar Abscess,N
C18,Chest Infection,N
C19,Severe Acute Respiratory Syndrome (SARS); Atypical Pneumonia,N
D01,Chest Pain; Intercostal Chest Pain; Precardial Pain; Angina Pectoris,N
D02,Hypotension; Low Blood Pressure,N
D03,Heart Failure,Y
D04,Myocardial Infraction,N
D05,Shock,N
D06,Hypertension (HT); High Blood Pression (HBP),N
D07,Myocarditis,N
D08,Pericarditis,N
D09,Endocarditis,N
D10,Rheumatic Heart Disease (RHD),N
D11,Tachycardia; Ventricular Tachycardia; Cardiac Arrhythmia; Ventricular Ectopics,N
D13,Varicose Veins (Lower Limbs),N
D14,Ischaemic; Coronary Heart Disease (IHD),N
D15,Heart Murmur,Y
D16,Mitral Valve Reguitation; Mitral Valve Prolapse (MVP); Stenosis,N
D17,Vasovagal Attack,N
D18,Pulmonary Heart Disease,N
D19,Rheumatic Fever,N
D20,Cerebral Haemorrhage; Cerebral Vascular Attack (CVA); Stroke,N
D21,Atheroslerosis,Y
D22,Arterial Embolism; Deep Venous Thrombosis (DVT); Thrombosis,N
D24,Ventricular Septal Defect (VSD) (R4),Y
D25,Aneurysm,Y
D26,Heart Block,Y
D27,Transient Cerebral Ischaemia,Y
D28,Varicose Veins of Other Sites; Varicocele,Y
D29,Haemangioma,Y
D30,Raynaud's Syndrome,Y
D31,Telangiectasia ,Y
D32,Arteriovenous Malformation (AVM) (R4),Y
E01,Diarrhoea,N
E02,Gastroenteritis (GE),N
E03,Duodenal Ulcer (DU),N
E04,Gastric Ulcer (GU); Peptic Ulcer ,N
E05,Epigastric Pain,N
E06,Bleeding Ulcer; G.I.Bleeding; Melaena; Haematemesis,N
E07,Perforated Ulcer,N
E08,Gastric Hyperacidity,N
E09,Gastritis; Stomach Ache; Gastralgia,N
E10,Colitis,N
E11,Irritable Bowel Syndrome (IBS),N
E12,Haemorrhoid; Piles; P.R.Bleeding; Rectal Bleeding,N
E13,Prolapse Haemorrhoid,N
E14,Cirrhosis; Chronic Liver Disease,N
E15,Dysentery,N
E16,Salmonella,N
E17,Typhoid,N
E18,"Abdominal Colic, Pain",N
E19,"Ulcer Syndrome, Pain",N
E20,Ascariasis; Pin Worm (Pediculus); Taemia,N
E21,Flatlence ????,N
E22,Helminthiasis,N
E23,Dyspepsia; Indigestion,N
E24,Intestinal Obstruction,N
E25,Constipation,N
E26,Other Infestation,N
E27,Gall Stone,Y
E28,Fistula-In-Ano,N
E29,Cholelithiasis,Y
E30,Cholecystitis,Y
E31,Appendicitis,N
E32,Hernia,Y
E33,Diverticula of Intestine,Y
E34,Peritonitis,N
E35,Liver Abscess,Y
E36,Pancreatitis,N
E37,Proctitis colorectal polyp,Y
E38,Splenonegacy,Y
E39,Hepatomegaly Fatty Liver,Y
E40,Enterobiasis,Y
E41,Anal Fissure,Y
E42,Regurgitation; Gastroesopageal Reflux Disease (GERD) ,N
F01,Glycosuria; Diabetes Mellitus (DM),N
F02,Comatose; Satyriasis,Y
F03,"Thyroid Adenoma; Tumor, Nodule; Goitre",Y
F04,Hypoglycaemia; Insulin Coma,Y
F05,Thyrotoxicosis; Graves' Disease; Hyperthyroidism,N
F07,Hypothyroidism; Thyroid Deficiency,N
F08,"Hyperlipidaemia, Hyperlipidemia",N
F09,Leukocytosis; Leukaemia,N
F11,Hyperparathyroidism,Y
F12,Hypo-Parathyroidism; Parathyroiditis,Y
F13,Thyroiditis,N
F14,Hyperoestrogeism,Y
F15,Hormonal Imbalance; Hormone Replacement Therapy (HRT),N
F16,Thrombocytopenia; Bleeding Tendency,N
F17,Systemic Lupus Erythematosus (SLE),N
F18,Hyperproteinemia,N
F19,Anaemia,N
F20,Purpura,N
F21,Hypercholestrolaemia,N
F22,Pituitary Gland Tumour,Y
F23,cushing's syndrome,N
F24,Myeloma,N
F25,Polycythaemia,N
F26,Lymphoma,N
F27,Myasthenia Gravis ?????,Y
F28,Adrenal Mass,Y
G01,Dysfunctional Uterine Bleeding (DUB) ; Menorrhagia,N
G02,Cervicitis; Cervical Erosion; Cervical Polyp,N
G03,Vaginitis; Vulvitis; Pruritus Vulvae; Vaginal Discharge,N
G04,Anovulatary Menstral Cycle (R4),Y
G05,Vestibulitis,N
G06,Moniliasis; Candidiasis,N
G07,Dysmenorrhoea; Menses Pain; Premenstrual Tension,N
G08,Leukorrhoea,N
G10,Amenorrhoea; Climacteric Symptoms; Menopause; Menopausal,N
G11,Contraception (R4) ,Y
G12,Endometriosis; Adenomyosis,N
G13,Mastitis; Mastalgia; Papilloma,N
G14,Infertility (R4),Y
G15,Ovarian Cyst; Uterine Fibroid,N
G16,"Breast Tumor, Lump; Fibroadenoma",N
G17,Pelvic Infection (PID),N
G18,Oligomenorrhea; Hypomenorhoea,N
G19,Irregular Period; Menstrual Disorder,N
G21,Salpingitis; Oophoritis,N
G22,Genital Prolapse,N
G23,Bartholian Cyst ??????,N
G24,Cervical Intraepithalial Neoplasic (CIN); Atypial Squamous Cells Cerical Uterus Sym. (ASCUS); Abnormal Pap Smar,N
G26,"Anbnormal Bleeding, Postcoital Bleeding",N
G27,Hyperprolactinemia ; Intermenstrual Bleeding,N
H01,Cystitis,N
H02,Urinary Tract Infection (UTI),N
H03,Nephritis,N
H04,Pyelonephritis,N
H05,Urethritis,N
H06,Renal Stone; Ureteric Stone,N
H07,Dysuria;Polyuria; Frequency,N
H08,Nephroptosis (Nephroptosis; Oedema; Albuminur; Proteinuria; Low Plasma Albumn),N
H09,Hydronephrosis,Y
H10,Bladder; Urethral Stone,N
H11,Urethral Stricture,Y
H12,Renal Failure,Y
H13,Loin Pain,N
H14,Nphrotic Syndrome,N
H15,Vesico-Ureteric Reflux,Y
H16,Retention of Urine; Incontinence; Enuresis,N
I01,Otitis Externa (Pinna; External Auditory Canal),N
I02,Otitis Media (CSOM),N
I03,Labyrinthitis,N
I04,Cholesteatoma,N
I06,"Post-Nasal Discharge, Dripping",N
I07,Laryngitis; Laryngoracheitis,N
I08,Sinusitis; Ethmoiditis,N
I09,Nasal Allergy; Nasal Mucosal Inflammation,N
I10,Throat Infection; Sore Throat; Voice Hoarseness,N
I11,Ear Infection; Ear Wax; Otalgia; Cerumen,N
I12,Eustachian Tube Obstruction; Dysfunction,N
I13,Epistaxia; Nose Bleeding,N
I14,Meniere's Disease,N
I15,Otosclerosis,N
I16,Tinnitus,N
I17,Vocal Nodule,N
I18,Perforation of Tympanic Membrane (Ear Drum),N
I19,Deafness; Hearing Loss,N
I20,Nasopharyngeal Carcinoma (NPC),N
I21,Mastoiditis,N
I22,Myringitis; Tympnitis,N
I23,Foreign Body In E.N.T.,N
I24,Nasal Polyp,N
I25,Deviation Nasal Septum,N
I26,Vestibular Neuronitis,N
J01,"Dermatitis (Allergic, Contact, Neuro)",N
J02,Eczema,N
J03,Urticaria,N
J04,Hordeolum,N
J05,Carbuncle; Boil; Furuncle; Furunculosis;Corn,N
J06,Paronychia; Onychia Lateralis; Onychomycosis; Ingrowing Toe-Nail (IGN/IGTN); Nail Dystrophy,N
J07,Cellulitis,N
J08,Psoriasis,N
J09,Abscess; Lump; Cyst; Wart; Mass; Nodule; Lipoma,N
J10,Fungal; Fungus Infection,N
J11,Scalp Infection; Dandruff; Alopecia Areata; Lose Hair,N
J12,Toe Infection; Dactylitis,N
J13,Insect/mosquito bite,N
J14,Herpes Labialis; Lip Infection; Cheilitis; Cold Sore,N
J15,Herpes Simplex; Hand-Foot-Mouth Disease,N
J16,Herpes Zoster; Shingles,N
J18,Discoid Lupus Erythematosus; Erythematous Condition; Steven Johnson Syndrome (SJS),N
J19,Impetigo,N
J20,Prupitus; Prurigo,N
J21,Lichen,N
J22,Leukoplakia; Leukokeratosis; Vitiligo; Hyperkeratosis; Keratoma; Cutaneous Horn; Callosity,N
J23,Acne; Comedo,N
J24,Folliculitis,N
J25,Rosacea,N
J26,Tinea Infection; Pityriasis,N
J27,Rash,N
J28,Pilondial Cyst,N
J29,Naevi; Mole; Birth Mark; Striae,N
J30,Keloid,N
J31,Ulcerative Skin,N
J32,Finger Infection,N
J33,Verruce,N
J34,Melanoma ????,Y
J35,Skin Lesion,N
J36,Lentigo (R25),Y
J37,Inflammatory Hyperpigmention,N
J38,Pompholyx; Dyshidrosis,N
K02,Sciatica; Ischialgia,N
K03,Hyperuricaemia;Gout,N
K04,Painful Arc Syndrome; TMJ Syndrome,N
K05,Low Back Pain (LBP); Lumbago,N
K06,Arthritis; Arthralgia; Osteo-Arthritis (O.A.),N
K07,Neuritis; Neuralgia; Radiculitis,N
K08,Myofibrositis; Myositis; Myalgia,N
K10,Neck Pain; Torticollis; Cervical Spondylosis; Radicylitis,N
K11,Muscular Strain; Frozen Shoulder,N
K12,Prolapse Lumbar Disc; Lumbar Spine Subluxation,N
K13,Chondritis; Chondromalacia; Tendinitis; Fascitis; Periositis; Quervain?S Disease,N
K14,Rheumatism,N
K15,Rheumatoid Arthritis (RA),N
K16,Coccydria,N
K19,Ankylosing Spondylitis,N
K20,Osteoporosis,N
K21,Ganglion,N
K22,Knee Pain,N
K23,Behcet?S Syndrome,N
K24,Wrist Pain,N
K25,Genu Valgum; Hallus Valgus; Deformities of Toe,N
K26,Synovitis; Tenosynovitis,N
K27,Bursitis,N
K28,Fibrositis,N
K29,Ankle Pain,N
K30,Foot Pain,N
K31,Tennis Elbow,N
K32,Flat Foot,N
K33,Exostosis,N
K34,Detoriation of Cervicen,N
K35,Tietze?s Disease,N
K36,Scoliosis,N
K37,Pyomyositis,N
L01,Genman Measles,N
L02,Measles; Rubella,N
L03,Chicken Pox (Varicella); Hives,N
L04,Mumps; Epidemic Parotitis,N
L05,Hepatitis,N
L06,Viral Adenitis; Lymphadenitis; Cervical Adenitis; Cervical Glands; Kawaski Disease; Lymph Node (LN),N
L09,Malaria,N
L10,Poliomyelitis,N
L11,Cholera,N
L12,Chlamydial Infection,N
L13,Syphilis,N
L14,Gonococcal Infections,N
L15,Other Venereal Disease;HIV,N
L16,Food Poisoning,N
L17,Septicaemia (Septicemia),N
L18,Viral Infection,N
L19,Bacterial Infection; Streptococcal or Staphylococcal Infection,N
L20,Rotavirus Infection ,N
L21,Dengue Fever ???,N
M01,Laceration & Abrasion; Injury; Wound; Intertrigo,N
M02,Concussion & contusion/head injury,N
M03,Sprained; Trauma; Bruise,N
M04,Fracture,N
M05,Scald; Burn,N
M06,Dislocation,N
M07,Animal Bite,N
M08,Drug Poisoning,N
M09,Mercury Poisoning,N
N01,Eye-Infection; Red Eye; Blepharitis,N
N02,Meibomian Cyst (Chalazion of Eyelid); Pinguecula; Hordeolum; Pterygium; Foreign Body; Stye,N
N03,Conjunctivitis,N
N04,Subconjunctival Haemorrhage,N
N05,Trachoma,N
N06,Keratitis; Corneal Ulcer; Keratoconus; Keratoconjunctivitis; Superficial Punctatte Keratitis (S.P.K.),N
N07,Detachment of Retina,N
N08,Muscae Volitantes; Myopsis; Vitreous Floater,N
N09,Retinal Degeneration,N
N10,Myopia (R4),Y
N11,Refractive Error; Astignatism; Hypermetropia; Anisometropia; Aniseikonia (R4),Y
N12,Cataract,N
N13,Glaucoma,N
N14,Iritis; Uveitis ; episcleritis,N
N15,Amblyopia (R4),Y
N16,Presbyopia (R4),Y
N19,Blindness; Loss Vision; Loss of Sight,N
N22,Acryoadenitis; Disorder of Lacrimal System ;Epiphora,N
N23,Strabismus; Squint; Ametropia; Esoptropia; Exoptropia (R4),Y
N24,Visual Disturbances; Asthenopia; Blurred Vision,N
N25,Diabetic Retinopathy,N
N26,Entropion and Trichiasis,N
N27,Diplopia,N
N28,Macular Bleeding; Haemorrhage,N
N29,Lithiasis,N
N30,Maculopathy,N
N31,Proptosis,N
N32,Optic Neuritis,N
N33,Pinguecula,N
N34,Scleral Pigmentation,N
N35,Retinal Hole,N
P01,Balanitis,N
P02,Long Prepuce; Phimosis (R4),Y
P03,Enlargement of Prostate; Fibroadenoma of Prostate; BPH (Benign Prostatic Hypertrophy),N
P04,Prostatitis,N
P05,Hydrocele,N
P06,Orchitis and Epididymitis; Testicular Pain;Testitis,N
P07,Oligospermia; Azoospermia; Infertility ,Y
P08,Spermatocele,Y
P09,Vesiculitis; Seminal Vestculitis,N
P10,Haemospermia,N
P11,Erectile Dysfunction,Y
P12,Gynecomastia,N
Q01,Stomatitis; Oral Infection; Thrust; Behcet Syndrome,N
Q02,Glossitis,N
Q03,Aphthous Ulcer,N
Q04,Gingivitis; Periodontitis,N
Q05,Oesophagitis,N
Q06,Harelip,N
Q07,Disease of Salivary Gland,N
Q08,Mandibular; Submandibula Gland Tumour,N
Q09,Disease of Jawbones,N
Q10,Tongue Tied,Y
T02,Hydrocephalus; Encephalitis; Myelitis; Encephalomyelitis,Y
T03,Epilepsy,Y
T04,Meningitis,Y
T05,Cerebral Degeneration; Dementia,Y
T06,Parkinson?s Disease,Y
T07,Neuropathy,Y
T08,Cerebral Palsy; Brain Tumor,Y
T09,Migraine,N
T10,Trigeminal Neuralgia,N
T11,Facial Nerve Disorder; Bell?s Palsy,N
T12,Carpal Tunnel Syndrome (CTS),N
T13,Acoustic Neuroma,Y
T14,Ventriculitis,Y
T15,Demyelinating Disease,Y
T16,Muscle Atrophy,Y
T17,Schizoghrenia,Y
T18,Cerebella Cyst,Y
T19,Piturtary Tumor,Y
T20,Guillain Barre Syndrome ???????????,Y
789,"ABDOMINAL COLIC, PAIN",N
078.1 / 214.9,"ABSCESS, LUMP, CYST, WART, MASS, NODULE, LIPOMA",N
217,"BREAST TUMOR/LUMP, FIBROADENOMA",N
490,BRONCHITIS,N
366,CATARACT,N
465,COMMON COLD/CORYZA/INFLUENZA/UPPER RESPIRATORY TRACT INFECTION (URTI)                                    ,N
372.3,CONJUNCTIVITIS,N
692.9,"DERMATITIS (ALLERGIC, CONTACT, NEURO)",N
626.8,DYSFUNCTIONAL UTERINE BLEEDING/MENORRHAGIA,N
388.7,"EAR INFECTION, OTALGIA",N
692.9,ECZEMA,N
558.2,GASTROENTERITIS,N
250,GLYCOSURIA/DIABETES MELLITUS,N
455,"HAEMORRHOID, PILES, P.R. BLEEDING",N
272.4,"HYPERLIPIDEMIA, HYPERTRIGLYCERIDEMIA",N
401.9,HYPERTENSION (HT) / HIGH BLOOD PRESSION (HBP),N
724.2,LOW BACK PAIN/LUMBAGO,N
726,MUSCULAR STRAIN/FROZEN SHOULDER,N
723.1,NECK PAIN,N
620.2 / 219.9,OVARIAN CYST/UTERINE FIBROIDS,N
462,PHARYNGITIS/HERPANGINA,N
477.9,RHINITIS,N
599,URINARY TRACT INFECTION,N
GI-A01,GI-Fever; Pyrexia; Febrility,N
GI-A02,GI-Oedema,Y
GI-A03,GI-Headache; Cephalgia,N
GI-A04,GI-Vomiting; Nausea,N
GI-A05,GI-Cough; Pertussis,N
GI-A06,GI-Haematuria,N
GI-A07,GI-Hemoptysis,N
GI-A08,GI-Palpitation,N
GI-A09,GI-Viraemia,N
GI-A11,GI-Depression; Neurosis; Neurasthenia; Insomnia,Y
GI-A12,GI-Allergy,N
GI-A15,GI-Obesity (R14),Y
GI-A16,GI-Weight Loss,Y
GI-A21,GI-Weakness of Limb,N
GI-A22,GI-Distubance of Skin Sensations Numbness; Paraesthesia; Tingling,N
GI-A23,GI-Jaundice,Y
GI-A24,GI-Cyanosis,Y
GI-A25,GI-Dyspnoea; Shortness of Breath,N
GI-A26,GI-Hiccough,N
GI-A27,GI-Dysphagia; Difficulty in Swallowing,N
GI-A28,GI-Malaise; Tired; Fatigue; Amyasthenia; Lethargy,Y
GI-A29,GI-Tremor,N
GI-A31,GI-Polyphagia (R14),Y
GI-A32,GI-Dysphasia; Slurred speech,Y
GI-A33,GI-Loss of Consciousness; Coma & Stupor,N
GI-A34,GI-Delayed Puberty,Y
GI-A35,GI-Diaetary Advice; Feeding problem,Y
GI-A36,GI-Anxiety,N
GI-A37,GI-Vertigo; Dizziness; Syncope; Giddiness,N
GI-A38,GI-Spasm; Cramps,N
GI-A39,GI-Abnormal ECG,Y
GI-A40,GI-Abnormal Live Function Test,Y
GI-A41,GI-Abnormal Red Blood Cells; White Blood Cells; ESR,Y
GI-A43,GI-Developmental ; Educational Assessment (R14),Y
GI-A45,GI-Precocious Puberty (R14),Y
GI-A47,GI-Activity Difficiency Hyperactivity Disorder (ADHD),Y
GI-B01,GI-Common Cold; Coryza; Influenza; Upper Respiratory Tract Infection (URTI; URI),N
GI-B02,GI-Rhinitis; Vasomotor Rhinitis (VMR),N
GI-B04,GI-Pharyngitis; Herpangina,N
GI-B05,GI-Tonsillitis; Quinsy,N
GI-B06,GI-Nasopharyngitis,N
GI-C01,GI-Bronchopneumonia,N
GI-C02,GI-Pneumonia,N
GI-C03,GI-Bronchitis (Acute/ Chronic); Bronchiolitis,N
GI-C04,GI-Asthmatic Bronchitis; Bronchial Asthma,N
GI-C05,GI-Pulmonary Tuberculosis (PTB/TB),N
GI-C07,GI-Allergic Asthma,N
GI-C08,GI-Pleural Effusion; Pleurisy,N
GI-C09,GI-Tracheitis; Croup,N
GI-C10,GI-Bronchiospasm,N
GI-C11,GI-Pneumothorax,N
GI-C12,GI-Chronic Obstructive Airway Disease (COAD),N
GI-C13,GI-Sleep Apnea Syndrome (OSA),N
GI-C14,GI-Emphysema,N
GI-C15,GI-Allergic Airway,N
GI-C16,GI-Bronchiectasis,N
GI-C17,GI-Alveolar Abscess,N
GI-C18,GI-Chest Infection,N
GI-C19,GI-Severe Acute Respiratory Syndrome (SARS); Atypical Pneumonia,N
GI-D01,GI-Chest Pain; Intercostal Chest Pain; Precardial Pain; Angina Pectoris,N
GI-D02,GI-Hypotension; Low Blood Pressure,N
GI-D03,GI-Heart Failure,Y
GI-D04,GI-Myocardial Infraction,N
GI-D05,GI-Shock,N
GI-D06,GI-Hypertension (HT); High Blood Pression (HBP),N
GI-D07,GI-Myocarditis,N
GI-D08,GI-Pericarditis,N
GI-D09,GI-Endocarditis,N
GI-D10,GI-Rheumatic Heart Disease (RHD),N
GI-D11,GI-Tachycardia; Ventricular Tachycardia; Cardiac Arrhythmia; Ventricular Ectopics,N
GI-D13,GI-Varicose Veins (Lower Limbs),N
GI-D14,GI-Ischaemic; Coronary Heart Disease (IHD),N
GI-D15,GI-Heart Murmur,Y
GI-D16,GI-Mitral Valve Reguitation; Mitral Valve Prolapse (MVP); Stenosis,N
GI-D17,GI-Vasovagal Attack,N
GI-D18,GI-Pulmonary Heart Disease,N
GI-D19,GI-Rheumatic Fever,N
GI-D20,GI-Cerebral Haemorrhage; Cerebral Vascular Attack (CVA); Stroke,N
GI-D21,GI-Atheroslerosis,Y
GI-D22,GI-Arterial Embolism; Deep Venous Thrombosis (DVT); Thrombosis,N
GI-D24,GI-Ventricular Septal Defect (VSD) (R4),Y
GI-D25,GI-Aneurysm,Y
GI-D26,GI-Heart Block,Y
GI-D27,GI-Transient Cerebral Ischaemia,Y
GI-D28,GI-Varicose Veins of Other Sites; Varicocele,Y
GI-D29,GI-Haemangioma,Y
GI-D30,GI-Raynaud's Syndrome,Y
GI-D31,GI-Telangiectasia ,Y
GI-D32,GI-Arteriovenous Malformation (AVM) (R4),Y
GI-E01,GI-Diarrhoea,N
GI-E02,GI-Gastroenteritis (GE),N
GI-E03,GI-Duodenal Ulcer (DU),N
GI-E04,GI-Gastric Ulcer (GU); Peptic Ulcer ,N
GI-E05,GI-Epigastric Pain,N
GI-E06,GI-Bleeding Ulcer; G.I.Bleeding; Melaena; Haematemesis,N
GI-E07,GI-Perforated Ulcer,N
GI-E08,GI-Gastric Hyperacidity,N
GI-E09,GI-Gastritis; Stomach Ache; Gastralgia,N
GI-E10,GI-Colitis,N
GI-E11,GI-Irritable Bowel Syndrome (IBS),N
GI-E12,GI-Haemorrhoid; Piles; P.R.Bleeding; Rectal Bleeding,N
GI-E13,GI-Prolapse Haemorrhoid,N
GI-E14,GI-Cirrhosis; Chronic Liver Disease,N
GI-E15,GI-Dysentery,N
GI-E16,GI-Salmonella,N
GI-E17,GI-Typhoid,N
GI-E18,"GI-Abdominal Colic, Pain",N
GI-E19,"GI-Ulcer Syndrome, Pain",N
GI-E20,GI-Ascariasis; Pin Worm (Pediculus); Taemia,N
GI-E21,GI-Flatlence ????,N
GI-E22,GI-Helminthiasis,N
GI-E23,GI-Dyspepsia; Indigestion,N
GI-E24,GI-Intestinal Obstruction,N
GI-E25,GI-Constipation,N
GI-E26,GI-Other Infestation,N
GI-E27,GI-Gall Stone,Y
GI-E28,GI-Fistula-In-Ano,N
GI-E29,GI-Cholelithiasis,Y
GI-E30,GI-Cholecystitis,Y
GI-E31,GI-Appendicitis,N
GI-E32,GI-Hernia,Y
GI-E33,GI-Diverticula of Intestine,Y
GI-E34,GI-Peritonitis,N
GI-E35,GI-Liver Abscess,Y
GI-E36,GI-Pancreatitis,N
GI-E37,GI-Proctitis colorectal polyp,Y
GI-E38,GI-Splenonegacy,Y
GI-E39,GI-Hepatomegaly Fatty Liver,Y
GI-E40,GI-Enterobiasis,Y
GI-E41,GI-Anal Fissure,Y
GI-E42,GI-Regurgitation; Gastroesopageal Reflux Disease (GERD) ,N
GI-F01,GI-Glycosuria; Diabetes Mellitus (DM),N
GI-F02,GI-Comatose; Satyriasis,Y
GI-F03,"GI-Thyroid Adenoma; Tumor, Nodule; Goitre",Y
GI-F04,GI-Hypoglycaemia; Insulin Coma,Y
GI-F05,GI-Thyrotoxicosis; Graves' Disease; Hyperthyroidism,N
GI-F07,GI-Hypothyroidism; Thyroid Deficiency,N
GI-F08,"GI-Hyperlipidaemia, Hyperlipidemia",N
GI-F09,GI-Leukocytosis; Leukaemia,N
GI-F11,GI-Hyperparathyroidism,Y
GI-F12,GI-Hypo-Parathyroidism; Parathyroiditis,Y
GI-F13,GI-Thyroiditis,N
GI-F14,GI-Hyperoestrogeism,Y
GI-F15,GI-Hormonal Imbalance; Hormone Replacement Therapy (HRT),N
GI-F16,GI-Thrombocytopenia; Bleeding Tendency,N
GI-F17,GI-Systemic Lupus Erythematosus (SLE),N
GI-F18,GI-Hyperproteinemia,N
GI-F19,GI-Anaemia,N
GI-F20,GI-Purpura,N
GI-F21,GI-Hypercholestrolaemia,N
GI-F22,GI-Pituitary Gland Tumour,Y
GI-F23,GI-cushing's syndrome,N
GI-F24,GI-Myeloma,N
GI-F25,GI-Polycythaemia,N
GI-F26,GI-Lymphoma,N
GI-F27,GI-Myasthenia Gravis ?????,Y
GI-F28,GI-Adrenal Mass,Y
GI-G01,GI-Dysfunctional Uterine Bleeding (DUB) ; Menorrhagia,N
GI-G02,GI-Cervicitis; Cervical Erosion; Cervical Polyp,N
GI-G03,GI-Vaginitis; Vulvitis; Pruritus Vulvae; Vaginal Discharge,N
GI-G04,GI-Anovulatary Menstral Cycle (R4),Y
GI-G05,GI-Vestibulitis,N
GI-G06,GI-Moniliasis; Candidiasis,N
GI-G07,GI-Dysmenorrhoea; Menses Pain; Premenstrual Tension,N
GI-G08,GI-Leukorrhoea,N
GI-G10,GI-Amenorrhoea; Climacteric Symptoms; Menopause; Menopausal,N
GI-G11,GI-Contraception (R4) ,Y
GI-G12,GI-Endometriosis; Adenomyosis,N
GI-G13,GI-Mastitis; Mastalgia; Papilloma,N
GI-G14,GI-Infertility (R4),Y
GI-G15,GI-Ovarian Cyst; Uterine Fibroid,N
GI-G16,"GI-Breast Tumor, Lump; Fibroadenoma",N
GI-G17,GI-Pelvic Infection (PID),N
GI-G18,GI-Oligomenorrhea; Hypomenorhoea,N
GI-G19,GI-Irregular Period; Menstrual Disorder,N
GI-G21,GI-Salpingitis; Oophoritis,N
GI-G22,GI-Genital Prolapse,N
GI-G23,GI-Bartholian Cyst ??????,N
GI-G24,GI-Cervical Intraepithalial Neoplasic (CIN); Atypial Squamous Cells Cerical Uterus Sym. (ASCUS); Abnormal Pap Smar,N
GI-G26,"GI-Anbnormal Bleeding, Postcoital Bleeding",N
GI-G27,GI-Hyperprolactinemia ; Intermenstrual Bleeding,N
GI-H01,GI-Cystitis,N
GI-H02,GI-Urinary Tract Infection (UTI),N
GI-H03,GI-Nephritis,N
GI-H04,GI-Pyelonephritis,N
GI-H05,GI-Urethritis,N
GI-H06,GI-Renal Stone; Ureteric Stone,N
GI-H07,GI-Dysuria;Polyuria; Frequency,N
GI-H08,GI-Nephroptosis (Nephroptosis; Oedema; Albuminur; Proteinuria; Low Plasma Albumn),N
GI-H09,GI-Hydronephrosis,Y
GI-H10,GI-Bladder; Urethral Stone,N
GI-H11,GI-Urethral Stricture,Y
GI-H12,GI-Renal Failure,Y
GI-H13,GI-Loin Pain,N
GI-H14,GI-Nphrotic Syndrome,N
GI-H15,GI-Vesico-Ureteric Reflux,Y
GI-H16,GI-Retention of Urine; Incontinence; Enuresis,N
GI-I01,GI-Otitis Externa (Pinna; External Auditory Canal),N
GI-I02,GI-Otitis Media (CSOM),N
GI-I03,GI-Labyrinthitis,N
GI-I04,GI-Cholesteatoma,N
GI-I06,"GI-Post-Nasal Discharge, Dripping",N
GI-I07,GI-Laryngitis; Laryngoracheitis,N
GI-I08,GI-Sinusitis; Ethmoiditis,N
GI-I09,GI-Nasal Allergy; Nasal Mucosal Inflammation,N
GI-I10,GI-Throat Infection; Sore Throat; Voice Hoarseness,N
GI-I11,GI-Ear Infection; Ear Wax; Otalgia; Cerumen,N
GI-I12,GI-Eustachian Tube Obstruction; Dysfunction,N
GI-I13,GI-Epistaxia; Nose Bleeding,N
GI-I14,GI-Meniere's Disease,N
GI-I15,GI-Otosclerosis,N
GI-I16,GI-Tinnitus,N
GI-I17,GI-Vocal Nodule,N
GI-I18,GI-Perforation of Tympanic Membrane (Ear Drum),N
GI-I19,GI-Deafness; Hearing Loss,N
GI-I20,GI-Nasopharyngeal Carcinoma (NPC),N
GI-I21,GI-Mastoiditis,N
GI-I22,GI-Myringitis; Tympnitis,N
GI-I23,GI-Foreign Body In E.N.T.,N
GI-I24,GI-Nasal Polyp,N
GI-I25,GI-Deviation Nasal Septum,N
GI-I26,GI-Vestibular Neuronitis,N
GI-J01,"GI-Dermatitis (Allergic, Contact, Neuro)",N
GI-J02,GI-Eczema,N
GI-J03,GI-Urticaria,N
GI-J04,GI-Hordeolum,N
GI-J05,GI-Carbuncle; Boil; Furuncle; Furunculosis;Corn,N
GI-J06,GI-Paronychia; Onychia Lateralis; Onychomycosis; Ingrowing Toe-Nail (IGN/IGTN); Nail Dystrophy,N
GI-J07,GI-Cellulitis,N
GI-J08,GI-Psoriasis,N
GI-J09,GI-Abscess; Lump; Cyst; Wart; Mass; Nodule; Lipoma,N
GI-J10,GI-Fungal; Fungus Infection,N
GI-J11,GI-Scalp Infection; Dandruff; Alopecia Areata; Lose Hair,N
GI-J12,GI-Toe Infection; Dactylitis,N
GI-J13,GI-Insect/mosquito bite,N
GI-J14,GI-Herpes Labialis; Lip Infection; Cheilitis; Cold Sore,N
GI-J15,GI-Herpes Simplex; Hand-Foot-Mouth Disease,N
GI-J16,GI-Herpes Zoster; Shingles,N
GI-J18,GI-Discoid Lupus Erythematosus; Erythematous Condition; Steven Johnson Syndrome (SJS),N
GI-J19,GI-Impetigo,N
GI-J20,GI-Prupitus; Prurigo,N
GI-J21,GI-Lichen,N
GI-J22,GI-Leukoplakia; Leukokeratosis; Vitiligo; Hyperkeratosis; Keratoma; Cutaneous Horn; Callosity,N
GI-J23,GI-Acne; Comedo,N
GI-J24,GI-Folliculitis,N
GI-J25,GI-Rosacea,N
GI-J26,GI-Tinea Infection; Pityriasis,N
GI-J27,GI-Rash,N
GI-J28,GI-Pilondial Cyst,N
GI-J29,GI-Naevi; Mole; Birth Mark; Striae,N
GI-J30,GI-Keloid,N
GI-J31,GI-Ulcerative Skin,N
GI-J32,GI-Finger Infection,N
GI-J33,GI-Verruce,N
GI-J34,GI-Melanoma ????,Y
GI-J35,GI-Skin Lesion,N
GI-J36,GI-Lentigo (R25),Y
GI-J37,GI-Inflammatory Hyperpigmention,N
GI-J38,GI-Pompholyx; Dyshidrosis,N
GI-K02,GI-Sciatica; Ischialgia,N
GI-K03,GI-Hyperuricaemia;Gout,N
GI-K04,GI-Painful Arc Syndrome; TMJ Syndrome,N
GI-K05,GI-Low Back Pain (LBP); Lumbago,N
GI-K06,GI-Arthritis; Arthralgia; Osteo-Arthritis (O.A.),N
GI-K07,GI-Neuritis; Neuralgia; Radiculitis,N
GI-K08,GI-Myofibrositis; Myositis; Myalgia,N
GI-K10,GI-Neck Pain; Torticollis; Cervical Spondylosis; Radicylitis,N
GI-K11,GI-Muscular Strain; Frozen Shoulder,N
GI-K12,GI-Prolapse Lumbar Disc; Lumbar Spine Subluxation,N
GI-K13,GI-Chondritis; Chondromalacia; Tendinitis; Fascitis; Periositis; Quervain?S Disease,N
GI-K14,GI-Rheumatism,N
GI-K15,GI-Rheumatoid Arthritis (RA),N
GI-K16,GI-Coccydria,N
GI-K19,GI-Ankylosing Spondylitis,N
GI-K20,GI-Osteoporosis,N
GI-K21,GI-Ganglion,N
GI-K22,GI-Knee Pain,N
GI-K23,GI-Behcet?S Syndrome,N
GI-K24,GI-Wrist Pain,N
GI-K25,GI-Genu Valgum; Hallus Valgus; Deformities of Toe,N
GI-K26,GI-Synovitis; Tenosynovitis,N
GI-K27,GI-Bursitis,N
GI-K28,GI-Fibrositis,N
GI-K29,GI-Ankle Pain,N
GI-K30,GI-Foot Pain,N
GI-K31,GI-Tennis Elbow,N
GI-K32,GI-Flat Foot,N
GI-K33,GI-Exostosis,N
GI-K34,GI-Detoriation of Cervicen,N
GI-K35,GI-Tietze?s Disease,N
GI-K36,GI-Scoliosis,N
GI-K37,GI-Pyomyositis,N
GI-L01,GI-Genman Measles,N
GI-L02,GI-Measles; Rubella,N
GI-L03,GI-Chicken Pox (Varicella); Hives,N
GI-L04,GI-Mumps; Epidemic Parotitis,N
GI-L05,GI-Hepatitis,N
GI-L06,GI-Viral Adenitis; Lymphadenitis; Cervical Adenitis; Cervical Glands; Kawaski Disease; Lymph Node (LN),N
GI-L09,GI-Malaria,N
GI-L10,GI-Poliomyelitis,N
GI-L11,GI-Cholera,N
GI-L12,GI-Chlamydial Infection,N
GI-L13,GI-Syphilis,N
GI-L14,GI-Gonococcal Infections,N
GI-L15,GI-Other Venereal Disease;HIV,N
GI-L16,GI-Food Poisoning,N
GI-L17,GI-Septicaemia (Septicemia),N
GI-L18,GI-Viral Infection,N
GI-L19,GI-Bacterial Infection; Streptococcal or Staphylococcal Infection,N
GI-L20,GI-Rotavirus Infection ,N
GI-L21,GI-Dengue Fever ???,N
GI-M01,GI-Laceration & Abrasion; Injury; Wound; Intertrigo,N
GI-M02,GI-Concussion & contusion/head injury,N
GI-M03,GI-Sprained; Trauma; Bruise,N
GI-M04,GI-Fracture,N
GI-M05,GI-Scald; Burn,N
GI-M06,GI-Dislocation,N
GI-M07,GI-Animal Bite,N
GI-M08,GI-Drug Poisoning,N
GI-M09,GI-Mercury Poisoning,N
GI-N01,GI-Eye-Infection; Red Eye; Blepharitis,N
GI-N02,GI-Meibomian Cyst (Chalazion of Eyelid); Pinguecula; Hordeolum; Pterygium; Foreign Body; Stye,N
GI-N03,GI-Conjunctivitis,N
GI-N04,GI-Subconjunctival Haemorrhage,N
GI-N05,GI-Trachoma,N
GI-N06,GI-Keratitis; Corneal Ulcer; Keratoconus; Keratoconjunctivitis; Superficial Punctatte Keratitis (S.P.K.),N
GI-N07,GI-Detachment of Retina,N
GI-N08,GI-Muscae Volitantes; Myopsis; Vitreous Floater,N
GI-N09,GI-Retinal Degeneration,N
GI-N10,GI-Myopia (R4),Y
GI-N11,GI-Refractive Error; Astignatism; Hypermetropia; Anisometropia; Aniseikonia (R4),Y
GI-N12,GI-Cataract,N
GI-N13,GI-Glaucoma,N
GI-N14,GI-Iritis; Uveitis ; episcleritis,N
GI-N15,GI-Amblyopia (R4),Y
GI-N16,GI-Presbyopia (R4),Y
GI-N19,GI-Blindness; Loss Vision; Loss of Sight,N
GI-N22,GI-Acryoadenitis; Disorder of Lacrimal System ;Epiphora,N
GI-N23,GI-Strabismus; Squint; Ametropia; Esoptropia; Exoptropia (R4),Y
GI-N24,GI-Visual Disturbances; Asthenopia; Blurred Vision,N
GI-N25,GI-Diabetic Retinopathy,N
GI-N26,GI-Entropion and Trichiasis,N
GI-N27,GI-Diplopia,N
GI-N28,GI-Macular Bleeding; Haemorrhage,N
GI-N29,GI-Lithiasis,N
GI-N30,GI-Maculopathy,N
GI-N31,GI-Proptosis,N
GI-N32,GI-Optic Neuritis,N
GI-N33,GI-Pinguecula,N
GI-N34,GI-Scleral Pigmentation,N
GI-N35,GI-Retinal Hole,N
GI-P01,GI-Balanitis,N
GI-P02,GI-Long Prepuce; Phimosis (R4),Y
GI-P03,GI-Enlargement of Prostate; Fibroadenoma of Prostate; BPH (Benign Prostatic Hypertrophy),N
GI-P04,GI-Prostatitis,N
GI-P05,GI-Hydrocele,N
GI-P06,GI-Orchitis and Epididymitis; Testicular Pain;Testitis,N
GI-P07,GI-Oligospermia; Azoospermia; Infertility ,Y
GI-P08,GI-Spermatocele,Y
GI-P09,GI-Vesiculitis; Seminal Vestculitis,N
GI-P10,GI-Haemospermia,N
GI-P11,GI-Erectile Dysfunction,Y
GI-P12,GI-Gynecomastia,N
GI-Q01,GI-Stomatitis; Oral Infection; Thrust; Behcet Syndrome,N
GI-Q02,GI-Glossitis,N
GI-Q03,GI-Aphthous Ulcer,N
GI-Q04,GI-Gingivitis; Periodontitis,N
GI-Q05,GI-Oesophagitis,N
GI-Q06,GI-Harelip,N
GI-Q07,GI-Disease of Salivary Gland,N
GI-Q08,GI-Mandibular; Submandibula Gland Tumour,N
GI-Q09,GI-Disease of Jawbones,N
GI-Q10,GI-Tongue Tied,Y
GI-T02,GI-Hydrocephalus; Encephalitis; Myelitis; Encephalomyelitis,Y
GI-T03,GI-Epilepsy,Y
GI-T04,GI-Meningitis,Y
GI-T05,GI-Cerebral Degeneration; Dementia,Y
GI-T06,GI-Parkinson?s Disease,Y
GI-T07,GI-Neuropathy,Y
GI-T08,GI-Cerebral Palsy; Brain Tumor,Y
GI-T09,GI-Migraine,N
GI-T10,GI-Trigeminal Neuralgia,N
GI-T11,GI-Facial Nerve Disorder; Bell?s Palsy,N
GI-T12,GI-Carpal Tunnel Syndrome (CTS),N
GI-T13,GI-Acoustic Neuroma,Y
GI-T14,GI-Ventriculitis,Y
GI-T15,GI-Demyelinating Disease,Y
GI-T16,GI-Muscle Atrophy,Y
GI-T17,GI-Schizoghrenia,Y
GI-T18,GI-Cerebella Cyst,Y
GI-T19,GI-Piturtary Tumor,Y
GI-T20,GI-Guillain Barre Syndrome ???????????,Y
