<?xml version="1.0" encoding="utf-8" ?>
<Config>
  <Benefit Name = "General Practitioner" Status="R" Remark="4S">
    <Priority>PV-OUT</Priority>
  </Benefit>
  <Benefit Name = "GENERAL PRACTITIONER" Status="R" Remark="4S">
    <Priority>PV-OUT</Priority>
  </Benefit>
  <Benefit Name = "Chinese Herbalist" Status="R" Remark="8A">
    <Priority>HERBAL,HE/AC,BON/HE,B/H/AC,B/H/AT</Priority>
  </Benefit>
  <Benefit Name = "CHINESE HERBALIST" Status="R" Remark="8A">
    <Priority>HERBAL,HE/AC,BON/HE,B/H/AC,B/H/AT</Priority>
  </Benefit>
  <Benefit Name = "Bonesetter" Status="R" Remark="8A">
    <Priority>BONE,BON/AC,BON/HE,B/H/AC,B/H/AT</Priority>
  </Benefit>
  <Benefit Name = "BONESETTER" Status="R" Remark="8A">
    <Priority>BONE,BON/AC,BON/HE,B/H/AC,B/H/AT</Priority>
  </Benefit>
  <Benefit Name = "SP" Status="R" Remark="4AA">
    <Priority>SPV/CH,SP/P/C,SP/PHY,EME-SP,CI-SPV,EMEDSP,GOVSPV,SPVHKE,SPV-OE,2SPVO,SPCASH,SPV-OV,SOUT,SPHOME,SPOUT,SPV-OT,SPVOUT,SPOVER,SP-O-H,SPV-$,SPV-HA,OP-BAL</Priority>
  </Benefit>
  <Benefit Name = "Sp" Status="R" Remark="4AA">
    <Priority>SPV/CH,SP/P/C,SP/PHY,EME-SP,CI-SPV,EMEDSP,GOVSPV,SPVHKE,SPV-OE,2SPVO,SPCASH,SPV-OV,SOUT,SPHOME,SPOUT,SPV-OT,SPVOUT,SPOVER,SP-O-H,SPV-$,SPV-HA,OP-BAL</Priority>
  </Benefit>
  <Benefit Name = "Physio" Status="R" Remark="8X">
    <Priority>PHY/BO,P/C/AC,GOVP/C,P/COUT,PHY/CH,P/HOUT,PHYSIO,PHCASH,PHY-$,PHY-OV,PHYOUT,PHY2,PHY-OT,SP/P/C,SP/PHY,XPRPHC</Priority>
  </Benefit>
  <Benefit Name = "PHYSIO" Status="R" Remark="8X">
    <Priority>PHY/BO,P/C/AC,GOVP/C,P/COUT,PHY/CH,P/HOUT,PHYSIO,PHCASH,PHY-$,PHY-OV,PHYOUT,PHY2,PHY-OT,SP/P/C,SP/PHY,XPRPHC</Priority>
  </Benefit>
  <Benefit Name = "Chiropractor" Status="R" Remark="8X">
    <Priority>EME-CH,CHIHKE,CHIROP,CHI-OE,P/C/AC,GOVP/C,P/COUT,PHY/CH,SPV/CH,SP/P/C,XPRPHC</Priority>
  </Benefit>
  <Benefit Name = "CHIROPRACTOR" Status="R" Remark="8X">
    <Priority>EME-CH,CHIHKE,CHIROP,CHI-OE,P/C/AC,GOVP/C,P/COUT,PHY/CH,SPV/CH,SP/P/C,XPRPHC</Priority>
  </Benefit>
  <Benefit Name = "Acup" Status="R" Remark="8NR">
    <Priority>ACU,ACU/NA,BON/AC,HE/AC</Priority>
  </Benefit>
  <Benefit Name = "ACUP" Status="R" Remark="8NR">
    <Priority>ACU,ACU/NA,BON/AC,HE/AC</Priority>
  </Benefit>
  <Benefit Name = "Checkup" Status="R" Remark="8NR">
    <Priority>CH/DEN,CH/ORA,CH-DOH,DCOHT,CH/VAC,CH/E/V,CH-UP,CH-UP1,CHUPIO,EYE-CH,E-CHUP</Priority>
  </Benefit>
  <Benefit Name = "CHECKUP" Status="R" Remark="8NR">
    <Priority>CH/DEN,CH/ORA,CH-DOH,DCOHT,CH/VAC,CH/E/V,CH-UP,CH-UP1,CHUPIO,EYE-CH,E-CHUP</Priority>
  </Benefit>
  <Benefit Name = "Climed" Status="R" Remark="4P3">
    <Priority>EX-MED,MED-GP,MED-SP,CLIMED</Priority>
  </Benefit>
  <Benefit Name = "CLIMED" Status="R" Remark="4P3">
    <Priority>EX-MED,MED-GP,MED-SP,CLIMED</Priority>
  </Benefit>
  <Benefit Name = "Mental" Status="R" Remark="8NR">
    <Priority>MENTAL,MEN-OP,PSYCHI,PSY-GP</Priority>
  </Benefit>
  <Benefit Name = "MENTAL" Status="R" Remark="8NR">
    <Priority>MENTAL,MEN-OP,PSYCHI,PSY-GP</Priority>
  </Benefit>
  <Benefit Name = "Premed" Status="R" Remark="8NR">
    <Priority>PMOHKE,PREMED,PREMOV,XLPREM,X-PREM,XPRPHC</Priority>
  </Benefit>
  <Benefit Name = "PREMED" Status="R" Remark="8NR">
    <Priority>PMOHKE,PREMED,PREMOV,XLPREM,X-PREM,XPRPHC</Priority>
  </Benefit>
  <Benefit Name = "XL" Status="R" Remark="4D">
    <Priority>XPRPHC,XLPREM,X-PREM,ADTEST,CTSOPD,HISTEX,XLHKE,XL-OE,MRIOPD,A-TEST,RADGRY,XL,XLOVER,EME-XL,QXL</Priority>
  </Benefit>
  <Benefit Name = "Chemo" Status="R" Remark="8NR">
    <Priority>CHE/RA,CHEOPD,CHEMO</Priority>
  </Benefit>
  <Benefit Name = "CHEMO" Status="R" Remark="8NR">
    <Priority>CHE/RA,CHEOPD,CHEMO</Priority>
  </Benefit>
  <Benefit Name = "Lens" Status="R" Remark="8NR">
    <Priority>LENS</Priority>
  </Benefit>
  <Benefit Name = "LENS" Status="R" Remark="8NR">
    <Priority>LENS</Priority>
  </Benefit>
  <Benefit Name = "Membership Fee" Status="R" Remark="8NR">
    <Priority>CLUB-F</Priority>
  </Benefit>
  <Benefit Name = "MEMBERSHIP FEE" Status="R" Remark="8NR">
    <Priority>CLUB-F</Priority>
  </Benefit>
  <Benefit Name = "Optic" Status="R" Remark="8NR">
    <Priority>OPTIC</Priority>
  </Benefit>
  <Benefit Name = "OPTIC" Status="R" Remark="8NR">
    <Priority>OPTIC</Priority>
  </Benefit>
  <Benefit Name = "Radio" Status="R" Remark="8NR">
    <Priority>RADOPD,RADIO</Priority>
  </Benefit>
  <Benefit Name = "RADIO" Status="R" Remark="8NR">
    <Priority>RADOPD,RADIO</Priority>
  </Benefit>
  <Benefit Name = "Renal Dialysis" Status="R" Remark="8NR">
    <Priority>RD-OPD,RENAL</Priority>
  </Benefit>
  <Benefit Name = "RENAL DIALYSIS" Status="R" Remark="8NR">
    <Priority>RD-OPD,RENAL</Priority>
  </Benefit>
  <Benefit Name = "Vaccine" Status="R" Remark="8NR">
    <Priority>VAC-BU,VAC-SE,VACCIN</Priority>
  </Benefit>
  <Benefit Name = "VACCINE" Status="R" Remark="8NR">
    <Priority>VAC-BU,VAC-SE,VACCIN</Priority>
  </Benefit>
  <Benefit Name = "Work Injury" Status="R" Remark="8NR">
    <Priority>INJURY</Priority>
  </Benefit>
  <Benefit Name = "WORK INJURY" Status="R" Remark="8NR">
    <Priority>INJURY</Priority>
  </Benefit>
</Config>