DIAGNOSIS CODE,DESCRIPTION,Fall in exceptional report
E18,"ABDOMINAL COLIC, PAIN",N
J09,"ABSCESS, LUMP, CYST, WART, MASS, NODULE, LIPOMA",N
G16,"BREAST TUMOR/LUMP, FIBROADENOMA",N
C03,BRONCHITIS,N
N12,CATARACT,N
B01,COMMON COLD/CORYZA/INFLUENZA/UPPER RESPIRATORY TRACT INFECTION (URTI)                                    ,N
N03,CONJUNCTIVITIS,N
J01,"DERMATITIS (ALLERGIC, CONTACT, NEURO)",N
G01,DYSFUNCTIONAL UTERINE BLEEDING/MENORRHAGIA,N
I11,"EAR INFECTION, OTALGIA",N
J02,ECZEMA,N
E02,GASTROENTERITIS,N
F01,GLYCOSURIA/DIABETES MELLITUS,N
E12,"HAEMORRHOID, PILES, P.R. BLEEDING",N
F08,"HYPERLIPIDEMIA, HYPERTRIGLYCERIDEMIA",N
D06,HYPERTENSION (HT) / HIGH BLOOD PRESSION (HBP),N
K05,LOW BACK PAIN/LUMBAGO,N
K11,MUSCULAR STRAIN/FROZEN SHOULDER,N
K10,NECK PAIN,N
G15,OVARIAN CYST/UTERINE FIBROIDS,N
B04,PHARYNGITIS/HERPANGINA,N
B02,RHINITIS,N
H02,URINARY TRACT INFECTION,N
A01,Fever; Pyrexia; Febrility,N
A02,Oedema,Y
A03,Headache; Cephalgia,N
A04,Vomiting; Nausea,N
A05,Cough; Pertussis,N
A06,Haematuria,N
A07,Hemoptysis,N
A08,Palpitation,N
A09,Viraemia,N
A11,Depression; Neurosis; Neurasthenia; Insomnia,Y
A12,Allergy,N
A15,Obesity (R14),Y
A16,Weight Loss,Y
A21,Weakness of Limb,N
A22,Distubance of Skin Sensations Numbness; Paraesthesia; Tingling,N
A23,Jaundice,Y
A24,Cyanosis,Y
A25,Dyspnoea; Shortness of Breath,N
A26,Hiccough,N
A27,Dysphagia; Difficulty in Swallowing,N
A28,Malaise; Tired; Fatigue; Amyasthenia; Lethargy,Y
A29,Tremor,N
A31,Polyphagia (R14),Y
A32,Dysphasia; Slurred speech,Y
A33,Loss of Consciousness; Coma & Stupor,N
A34,Delayed Puberty,Y
A35,Diaetary Advice; Feeding problem,Y
A36,Anxiety,N
A37,Vertigo; Dizziness; Syncope; Giddiness,N
A38,Spasm; Cramps,N
A39,Abnormal ECG,Y
A40,Abnormal Live Function Test,Y
A41,Abnormal Red Blood Cells; White Blood Cells; ESR,Y
A43,Developmental ; Educational Assessment (R14),Y
A45,Precocious Puberty (R14),Y
A47,Activity Difficiency Hyperactivity Disorder (ADHD),Y
B01,Common Cold; Coryza; Influenza; Upper Respiratory Tract Infection (URTI; URI),N
B02,Rhinitis; Vasomotor Rhinitis (VMR),N
B04,Pharyngitis; Herpangina,N
B05,Tonsillitis; Quinsy,N
B06,Nasopharyngitis,N
C01,Bronchopneumonia,N
C02,Pneumonia,N
C03,Bronchitis (Acute/ Chronic); Bronchiolitis,N
C04,Asthmatic Bronchitis; Bronchial Asthma,N
C05,Pulmonary Tuberculosis (PTB/TB),N
C07,Allergic Asthma,N
C08,Pleural Effusion; Pleurisy,N
C09,Tracheitis; Croup,N
C10,Bronchiospasm,N
C11,Pneumothorax,N
C12,Chronic Obstructive Airway Disease (COAD),N
C13,Sleep Apnea Syndrome (OSA),N
C14,Emphysema,N
C15,Allergic Airway,N
C16,Bronchiectasis,N
C17,Alveolar Abscess,N
C18,Chest Infection,N
C19,Severe Acute Respiratory Syndrome (SARS); Atypical Pneumonia,N
D01,Chest Pain; Intercostal Chest Pain; Precardial Pain; Angina Pectoris,N
D02,Hypotension; Low Blood Pressure,N
D03,Heart Failure,Y
D04,Myocardial Infraction,N
D05,Shock,N
D06,Hypertension (HT); High Blood Pression (HBP),N
D07,Myocarditis,N
D08,Pericarditis,N
D09,Endocarditis,N
D10,Rheumatic Heart Disease (RHD),N
D11,Tachycardia; Ventricular Tachycardia; Cardiac Arrhythmia; Ventricular Ectopics,N
D13,Varicose Veins (Lower Limbs),N
D14,Ischaemic; Coronary Heart Disease (IHD),N
D15,Heart Murmur,Y
D16,Mitral Valve Reguitation; Mitral Valve Prolapse (MVP); Stenosis,N
D17,Vasovagal Attack,N
D18,Pulmonary Heart Disease,N
D19,Rheumatic Fever,N
D20,Cerebral Haemorrhage; Cerebral Vascular Attack (CVA); Stroke,N
D21,Atheroslerosis,Y
D22,Arterial Embolism; Deep Venous Thrombosis (DVT); Thrombosis,N
D24,Ventricular Septal Defect (VSD) (R4),Y
D25,Aneurysm,Y
D26,Heart Block,Y
D27,Transient Cerebral Ischaemia,Y
D28,Varicose Veins of Other Sites; Varicocele,Y
D29,Haemangioma,Y
D30,Raynaud's Syndrome,Y
D31,Telangiectasia ,Y
D32,Arteriovenous Malformation (AVM) (R4),Y
E01,Diarrhoea,N
E02,Gastroenteritis (GE),N
E03,Duodenal Ulcer (DU),N
E04,Gastric Ulcer (GU); Peptic Ulcer ,N
E05,Epigastric Pain,N
E06,Bleeding Ulcer; G.I.Bleeding; Melaena; Haematemesis,N
E07,Perforated Ulcer,N
E08,Gastric Hyperacidity,N
E09,Gastritis; Stomach Ache; Gastralgia,N
E10,Colitis,N
E11,Irritable Bowel Syndrome (IBS),N
E12,Haemorrhoid; Piles; P.R.Bleeding; Rectal Bleeding,N
E13,Prolapse Haemorrhoid,N
E14,Cirrhosis; Chronic Liver Disease,N
E15,Dysentery,N
E16,Salmonella,N
E17,Typhoid,N
E18,"Abdominal Colic, Pain",N
E19,"Ulcer Syndrome, Pain",N
E20,Ascariasis; Pin Worm (Pediculus); Taemia,N
E21,Flatlence ????,N
E22,Helminthiasis,N
E23,Dyspepsia; Indigestion,N
E24,Intestinal Obstruction,N
E25,Constipation,N
E26,Other Infestation,N
E27,Gall Stone,Y
E28,Fistula-In-Ano,N
E29,Cholelithiasis,Y
E30,Cholecystitis,Y
E31,Appendicitis,N
E32,Hernia,Y
E33,Diverticula of Intestine,Y
E34,Peritonitis,N
E35,Liver Abscess,Y
E36,Pancreatitis,N
E37,Proctitis colorectal polyp,Y
E38,Splenonegacy,Y
E39,Hepatomegaly Fatty Liver,Y
E40,Enterobiasis,Y
E41,Anal Fissure,Y
E42,Regurgitation; Gastroesopageal Reflux Disease (GERD) ,N
F01,Glycosuria; Diabetes Mellitus (DM),N
F02,Comatose; Satyriasis,Y
F03,"Thyroid Adenoma; Tumor, Nodule; Goitre",Y
F04,Hypoglycaemia; Insulin Coma,Y
F05,Thyrotoxicosis; Graves' Disease; Hyperthyroidism,N
F07,Hypothyroidism; Thyroid Deficiency,N
F08,"Hyperlipidaemia, Hyperlipidemia",N
F09,Leukocytosis; Leukaemia,N
F11,Hyperparathyroidism,Y
F12,Hypo-Parathyroidism; Parathyroiditis,Y
F13,Thyroiditis,N
F14,Hyperoestrogeism,Y
F15,Hormonal Imbalance; Hormone Replacement Therapy (HRT),N
F16,Thrombocytopenia; Bleeding Tendency,N
F17,Systemic Lupus Erythematosus (SLE),N
F18,Hyperproteinemia,N
F19,Anaemia,N
F20,Purpura,N
F21,Hypercholestrolaemia,N
F22,Pituitary Gland Tumour,Y
F23,cushing's syndrome,N
F24,Myeloma,N
F25,Polycythaemia,N
F26,Lymphoma,N
F27,Myasthenia Gravis ?????,Y
F28,Adrenal Mass,Y
G01,Dysfunctional Uterine Bleeding (DUB) ; Menorrhagia,N
G02,Cervicitis; Cervical Erosion; Cervical Polyp,N
G03,Vaginitis; Vulvitis; Pruritus Vulvae; Vaginal Discharge,N
G04,Anovulatary Menstral Cycle (R4),Y
G05,Vestibulitis,N
G06,Moniliasis; Candidiasis,N
G07,Dysmenorrhoea; Menses Pain; Premenstrual Tension,N
G08,Leukorrhoea,N
G10,Amenorrhoea; Climacteric Symptoms; Menopause; Menopausal,N
G11,Contraception (R4) ,Y
G12,Endometriosis; Adenomyosis,N
G13,Mastitis; Mastalgia; Papilloma,N
G14,Infertility (R4),Y
G15,Ovarian Cyst; Uterine Fibroid,N
G16,"Breast Tumor, Lump; Fibroadenoma",N
G17,Pelvic Infection (PID),N
G18,Oligomenorrhea; Hypomenorhoea,N
G19,Irregular Period; Menstrual Disorder,N
G21,Salpingitis; Oophoritis,N
G22,Genital Prolapse,N
G23,Bartholian Cyst ??????,N
G24,Cervical Intraepithalial Neoplasic (CIN); Atypial Squamous Cells Cerical Uterus Sym. (ASCUS); Abnormal Pap Smar,N
G26,"Anbnormal Bleeding, Postcoital Bleeding",N
G27,Hyperprolactinemia ; Intermenstrual Bleeding,N
H01,Cystitis,N
H02,Urinary Tract Infection (UTI),N
H03,Nephritis,N
H04,Pyelonephritis,N
H05,Urethritis,N
H06,Renal Stone; Ureteric Stone,N
H07,Dysuria;Polyuria; Frequency,N
H08,Nephroptosis (Nephroptosis; Oedema; Albuminur; Proteinuria; Low Plasma Albumn),N
H09,Hydronephrosis,Y
H10,Bladder; Urethral Stone,N
H11,Urethral Stricture,Y
H12,Renal Failure,Y
H13,Loin Pain,N
H14,Nphrotic Syndrome,N
H15,Vesico-Ureteric Reflux,Y
H16,Retention of Urine; Incontinence; Enuresis,N
I01,Otitis Externa (Pinna; External Auditory Canal),N
I02,Otitis Media (CSOM),N
I03,Labyrinthitis,N
I04,Cholesteatoma,N
I06,"Post-Nasal Discharge, Dripping",N
I07,Laryngitis; Laryngoracheitis,N
I08,Sinusitis; Ethmoiditis,N
I09,Nasal Allergy; Nasal Mucosal Inflammation,N
I10,Throat Infection; Sore Throat; Voice Hoarseness,N
I11,Ear Infection; Ear Wax; Otalgia; Cerumen,N
I12,Eustachian Tube Obstruction; Dysfunction,N
I13,Epistaxia; Nose Bleeding,N
I14,Meniere's Disease,N
I15,Otosclerosis,N
I16,Tinnitus,N
I17,Vocal Nodule,N
I18,Perforation of Tympanic Membrane (Ear Drum),N
I19,Deafness; Hearing Loss,N
I20,Nasopharyngeal Carcinoma (NPC),N
I21,Mastoiditis,N
I22,Myringitis; Tympnitis,N
I23,Foreign Body In E.N.T.,N
I24,Nasal Polyp,N
I25,Deviation Nasal Septum,N
I26,Vestibular Neuronitis,N
J01,"Dermatitis (Allergic, Contact, Neuro)",N
J02,Eczema,N
J03,Urticaria,N
J04,Hordeolum,N
J05,Carbuncle; Boil; Furuncle; Furunculosis;Corn,N
J06,Paronychia; Onychia Lateralis; Onychomycosis; Ingrowing Toe-Nail (IGN/IGTN); Nail Dystrophy,N
J07,Cellulitis,N
J08,Psoriasis,N
J09,Abscess; Lump; Cyst; Wart; Mass; Nodule; Lipoma,N
J10,Fungal; Fungus Infection,N
J11,Scalp Infection; Dandruff; Alopecia Areata; Lose Hair,N
J12,Toe Infection; Dactylitis,N
J13,Insect/mosquito bite,N
J14,Herpes Labialis; Lip Infection; Cheilitis; Cold Sore,N
J15,Herpes Simplex; Hand-Foot-Mouth Disease,N
J16,Herpes Zoster; Shingles,N
J18,Discoid Lupus Erythematosus; Erythematous Condition; Steven Johnson Syndrome (SJS),N
J19,Impetigo,N
J20,Prupitus; Prurigo,N
J21,Lichen,N
J22,Leukoplakia; Leukokeratosis; Vitiligo; Hyperkeratosis; Keratoma; Cutaneous Horn; Callosity,N
J23,Acne; Comedo,N
J24,Folliculitis,N
J25,Rosacea,N
J26,Tinea Infection; Pityriasis,N
J27,Rash,N
J28,Pilondial Cyst,N
J29,Naevi; Mole; Birth Mark; Striae,N
J30,Keloid,N
J31,Ulcerative Skin,N
J32,Finger Infection,N
J33,Verruce,N
J34,Melanoma ????,Y
J35,Skin Lesion,N
J36,Lentigo (R25),Y
J37,Inflammatory Hyperpigmention,N
J38,Pompholyx; Dyshidrosis,N
K02,Sciatica; Ischialgia,N
K03,Hyperuricaemia;Gout,N
K04,Painful Arc Syndrome; TMJ Syndrome,N
K05,Low Back Pain (LBP); Lumbago,N
K06,Arthritis; Arthralgia; Osteo-Arthritis (O.A.),N
K07,Neuritis; Neuralgia; Radiculitis,N
K08,Myofibrositis; Myositis; Myalgia,N
K10,Neck Pain; Torticollis; Cervical Spondylosis; Radicylitis,N
K11,Muscular Strain; Frozen Shoulder,N
K12,Prolapse Lumbar Disc; Lumbar Spine Subluxation,N
K13,Chondritis; Chondromalacia; Tendinitis; Fascitis; Periositis; Quervain?S Disease,N
K14,Rheumatism,N
K15,Rheumatoid Arthritis (RA),N
K16,Coccydria,N
K19,Ankylosing Spondylitis,N
K20,Osteoporosis,N
K21,Ganglion,N
K22,Knee Pain,N
K23,Behcet?S Syndrome,N
K24,Wrist Pain,N
K25,Genu Valgum; Hallus Valgus; Deformities of Toe,N
K26,Synovitis; Tenosynovitis,N
K27,Bursitis,N
K28,Fibrositis,N
K29,Ankle Pain,N
K30,Foot Pain,N
K31,Tennis Elbow,N
K32,Flat Foot,N
K33,Exostosis,N
K34,Detoriation of Cervicen,N
K35,Tietze?s Disease,N
K36,Scoliosis,N
K37,Pyomyositis,N
L01,Genman Measles,N
L02,Measles; Rubella,N
L03,Chicken Pox (Varicella); Hives,N
L04,Mumps; Epidemic Parotitis,N
L05,Hepatitis,N
L06,Viral Adenitis; Lymphadenitis; Cervical Adenitis; Cervical Glands; Kawaski Disease; Lymph Node (LN),N
L09,Malaria,N
L10,Poliomyelitis,N
L11,Cholera,N
L12,Chlamydial Infection,N
L13,Syphilis,N
L14,Gonococcal Infections,N
L15,Other Venereal Disease;HIV,N
L16,Food Poisoning,N
L17,Septicaemia (Septicemia),N
L18,Viral Infection,N
L19,Bacterial Infection; Streptococcal or Staphylococcal Infection,N
L20,Rotavirus Infection ,N
L21,Dengue Fever ???,N
M01,Laceration & Abrasion; Injury; Wound; Intertrigo,N
M02,Concussion & contusion/head injury,N
M03,Sprained; Trauma; Bruise,N
M04,Fracture,N
M05,Scald; Burn,N
M06,Dislocation,N
M07,Animal Bite,N
M08,Drug Poisoning,N
M09,Mercury Poisoning,N
N01,Eye-Infection; Red Eye; Blepharitis,N
N02,Meibomian Cyst (Chalazion of Eyelid); Pinguecula; Hordeolum; Pterygium; Foreign Body; Stye,N
N03,Conjunctivitis,N
N04,Subconjunctival Haemorrhage,N
N05,Trachoma,N
N06,Keratitis; Corneal Ulcer; Keratoconus; Keratoconjunctivitis; Superficial Punctatte Keratitis (S.P.K.),N
N07,Detachment of Retina,N
N08,Muscae Volitantes; Myopsis; Vitreous Floater,N
N09,Retinal Degeneration,N
N10,Myopia (R4),Y
N11,Refractive Error; Astignatism; Hypermetropia; Anisometropia; Aniseikonia (R4),Y
N12,Cataract,N
N13,Glaucoma,N
N14,Iritis; Uveitis ; episcleritis,N
N15,Amblyopia (R4),Y
N16,Presbyopia (R4),Y
N19,Blindness; Loss Vision; Loss of Sight,N
N22,Acryoadenitis; Disorder of Lacrimal System ;Epiphora,N
N23,Strabismus; Squint; Ametropia; Esoptropia; Exoptropia (R4),Y
N24,Visual Disturbances; Asthenopia; Blurred Vision,N
N25,Diabetic Retinopathy,N
N26,Entropion and Trichiasis,N
N27,Diplopia,N
N28,Macular Bleeding; Haemorrhage,N
N29,Lithiasis,N
N30,Maculopathy,N
N31,Proptosis,N
N32,Optic Neuritis,N
N33,Pinguecula,N
N34,Scleral Pigmentation,N
N35,Retinal Hole,N
P01,Balanitis,N
P02,Long Prepuce; Phimosis (R4),Y
P03,Enlargement of Prostate; Fibroadenoma of Prostate; BPH (Benign Prostatic Hypertrophy),N
P04,Prostatitis,N
P05,Hydrocele,N
P06,Orchitis and Epididymitis; Testicular Pain;Testitis,N
P07,Oligospermia; Azoospermia; Infertility ,Y
P08,Spermatocele,Y
P09,Vesiculitis; Seminal Vestculitis,N
P10,Haemospermia,N
P11,Erectile Dysfunction,Y
P12,Gynecomastia,N
Q01,Stomatitis; Oral Infection; Thrust; Behcet Syndrome,N
Q02,Glossitis,N
Q03,Aphthous Ulcer,N
Q04,Gingivitis; Periodontitis,N
Q05,Oesophagitis,N
Q06,Harelip,N
Q07,Disease of Salivary Gland,N
Q08,Mandibular; Submandibula Gland Tumour,N
Q09,Disease of Jawbones,N
Q10,Tongue Tied,Y
T02,Hydrocephalus; Encephalitis; Myelitis; Encephalomyelitis,Y
T03,Epilepsy,Y
T04,Meningitis,Y
T05,Cerebral Degeneration; Dementia,Y
T06,Parkinson?s Disease,Y
T07,Neuropathy,Y
T08,Cerebral Palsy; Brain Tumor,Y
T09,Migraine,N
T10,Trigeminal Neuralgia,N
T11,Facial Nerve Disorder; Bell?s Palsy,N
T12,Carpal Tunnel Syndrome (CTS),N
T13,Acoustic Neuroma,Y
T14,Ventriculitis,Y
T15,Demyelinating Disease,Y
T16,Muscle Atrophy,Y
T17,Schizoghrenia,Y
T18,Cerebella Cyst,Y
T19,Piturtary Tumor,Y
T20,Guillain Barre Syndrome ???????????,Y
789,"ABDOMINAL COLIC, PAIN",N
078.1 / 214.9,"ABSCESS, LUMP, CYST, WART, MASS, NODULE, LIPOMA",N
217,"BREAST TUMOR/LUMP, FIBROADENOMA",N
490,BRONCHITIS,N
366,CATARACT,N
465,COMMON COLD/CORYZA/INFLUENZA/UPPER RESPIRATORY TRACT INFECTION (URTI)                                    ,N
372.3,CONJUNCTIVITIS,N
692.9,"DERMATITIS (ALLERGIC, CONTACT, NEURO)",N
626.8,DYSFUNCTIONAL UTERINE BLEEDING/MENORRHAGIA,N
388.7,"EAR INFECTION, OTALGIA",N
692.9,ECZEMA,N
558.2,GASTROENTERITIS,N
250,GLYCOSURIA/DIABETES MELLITUS,N
455,"HAEMORRHOID, PILES, P.R. BLEEDING",N
272.4,"HYPERLIPIDEMIA, HYPERTRIGLYCERIDEMIA",N
401.9,HYPERTENSION (HT) / HIGH BLOOD PRESSION (HBP),N
724.2,LOW BACK PAIN/LUMBAGO,N
726,MUSCULAR STRAIN/FROZEN SHOULDER,N
723.1,NECK PAIN,N
620.2 / 219.9,OVARIAN CYST/UTERINE FIBROIDS,N
462,PHARYNGITIS/HERPANGINA,N
477.9,RHINITIS,N
599,URINARY TRACT INFECTION,N
GI-A01,GI-Fever; Pyrexia; Febrility,N
GI-A02,GI-Oedema,Y
GI-A03,GI-Headache; Cephalgia,N
GI-A04,GI-Vomiting; Nausea,N
GI-A05,GI-Cough; Pertussis,N
GI-A06,GI-Haematuria,N
GI-A07,GI-Hemoptysis,N
GI-A08,GI-Palpitation,N
GI-A09,GI-Viraemia,N
GI-A11,GI-Depression; Neurosis; Neurasthenia; Insomnia,Y
GI-A12,GI-Allergy,N
GI-A15,GI-Obesity (R14),Y
GI-A16,GI-Weight Loss,Y
GI-A21,GI-Weakness of Limb,N
GI-A22,GI-Distubance of Skin Sensations Numbness; Paraesthesia; Tingling,N
GI-A23,GI-Jaundice,Y
GI-A24,GI-Cyanosis,Y
GI-A25,GI-Dyspnoea; Shortness of Breath,N
GI-A26,GI-Hiccough,N
GI-A27,GI-Dysphagia; Difficulty in Swallowing,N
GI-A28,GI-Malaise; Tired; Fatigue; Amyasthenia; Lethargy,Y
GI-A29,GI-Tremor,N
GI-A31,GI-Polyphagia (R14),Y
GI-A32,GI-Dysphasia; Slurred speech,Y
GI-A33,GI-Loss of Consciousness; Coma & Stupor,N
GI-A34,GI-Delayed Puberty,Y
GI-A35,GI-Diaetary Advice; Feeding problem,Y
GI-A36,GI-Anxiety,N
GI-A37,GI-Vertigo; Dizziness; Syncope; Giddiness,N
GI-A38,GI-Spasm; Cramps,N
GI-A39,GI-Abnormal ECG,Y
GI-A40,GI-Abnormal Live Function Test,Y
GI-A41,GI-Abnormal Red Blood Cells; White Blood Cells; ESR,Y
GI-A43,GI-Developmental ; Educational Assessment (R14),Y
GI-A45,GI-Precocious Puberty (R14),Y
GI-A47,GI-Activity Difficiency Hyperactivity Disorder (ADHD),Y
GI-B01,GI-Common Cold; Coryza; Influenza; Upper Respiratory Tract Infection (URTI; URI),N
GI-B02,GI-Rhinitis; Vasomotor Rhinitis (VMR),N
GI-B04,GI-Pharyngitis; Herpangina,N
GI-B05,GI-Tonsillitis; Quinsy,N
GI-B06,GI-Nasopharyngitis,N
GI-C01,GI-Bronchopneumonia,N
GI-C02,GI-Pneumonia,N
GI-C03,GI-Bronchitis (Acute/ Chronic); Bronchiolitis,N
GI-C04,GI-Asthmatic Bronchitis; Bronchial Asthma,N
GI-C05,GI-Pulmonary Tuberculosis (PTB/TB),N
GI-C07,GI-Allergic Asthma,N
GI-C08,GI-Pleural Effusion; Pleurisy,N
GI-C09,GI-Tracheitis; Croup,N
GI-C10,GI-Bronchiospasm,N
GI-C11,GI-Pneumothorax,N
GI-C12,GI-Chronic Obstructive Airway Disease (COAD),N
GI-C13,GI-Sleep Apnea Syndrome (OSA),N
GI-C14,GI-Emphysema,N
GI-C15,GI-Allergic Airway,N
GI-C16,GI-Bronchiectasis,N
GI-C17,GI-Alveolar Abscess,N
GI-C18,GI-Chest Infection,N
GI-C19,GI-Severe Acute Respiratory Syndrome (SARS); Atypical Pneumonia,N
GI-D01,GI-Chest Pain; Intercostal Chest Pain; Precardial Pain; Angina Pectoris,N
GI-D02,GI-Hypotension; Low Blood Pressure,N
GI-D03,GI-Heart Failure,Y
GI-D04,GI-Myocardial Infraction,N
GI-D05,GI-Shock,N
GI-D06,GI-Hypertension (HT); High Blood Pression (HBP),N
GI-D07,GI-Myocarditis,N
GI-D08,GI-Pericarditis,N
GI-D09,GI-Endocarditis,N
GI-D10,GI-Rheumatic Heart Disease (RHD),N
GI-D11,GI-Tachycardia; Ventricular Tachycardia; Cardiac Arrhythmia; Ventricular Ectopics,N
GI-D13,GI-Varicose Veins (Lower Limbs),N
GI-D14,GI-Ischaemic; Coronary Heart Disease (IHD),N
GI-D15,GI-Heart Murmur,Y
GI-D16,GI-Mitral Valve Reguitation; Mitral Valve Prolapse (MVP); Stenosis,N
GI-D17,GI-Vasovagal Attack,N
GI-D18,GI-Pulmonary Heart Disease,N
GI-D19,GI-Rheumatic Fever,N
GI-D20,GI-Cerebral Haemorrhage; Cerebral Vascular Attack (CVA); Stroke,N
GI-D21,GI-Atheroslerosis,Y
GI-D22,GI-Arterial Embolism; Deep Venous Thrombosis (DVT); Thrombosis,N
GI-D24,GI-Ventricular Septal Defect (VSD) (R4),Y
GI-D25,GI-Aneurysm,Y
GI-D26,GI-Heart Block,Y
GI-D27,GI-Transient Cerebral Ischaemia,Y
GI-D28,GI-Varicose Veins of Other Sites; Varicocele,Y
GI-D29,GI-Haemangioma,Y
GI-D30,GI-Raynaud's Syndrome,Y
GI-D31,GI-Telangiectasia ,Y
GI-D32,GI-Arteriovenous Malformation (AVM) (R4),Y
GI-E01,GI-Diarrhoea,N
GI-E02,GI-Gastroenteritis (GE),N
GI-E03,GI-Duodenal Ulcer (DU),N
GI-E04,GI-Gastric Ulcer (GU); Peptic Ulcer ,N
GI-E05,GI-Epigastric Pain,N
GI-E06,GI-Bleeding Ulcer; G.I.Bleeding; Melaena; Haematemesis,N
GI-E07,GI-Perforated Ulcer,N
GI-E08,GI-Gastric Hyperacidity,N
GI-E09,GI-Gastritis; Stomach Ache; Gastralgia,N
GI-E10,GI-Colitis,N
GI-E11,GI-Irritable Bowel Syndrome (IBS),N
GI-E12,GI-Haemorrhoid; Piles; P.R.Bleeding; Rectal Bleeding,N
GI-E13,GI-Prolapse Haemorrhoid,N
GI-E14,GI-Cirrhosis; Chronic Liver Disease,N
GI-E15,GI-Dysentery,N
GI-E16,GI-Salmonella,N
GI-E17,GI-Typhoid,N
GI-E18,"GI-Abdominal Colic, Pain",N
GI-E19,"GI-Ulcer Syndrome, Pain",N
GI-E20,GI-Ascariasis; Pin Worm (Pediculus); Taemia,N
GI-E21,GI-Flatlence ????,N
GI-E22,GI-Helminthiasis,N
GI-E23,GI-Dyspepsia; Indigestion,N
GI-E24,GI-Intestinal Obstruction,N
GI-E25,GI-Constipation,N
GI-E26,GI-Other Infestation,N
GI-E27,GI-Gall Stone,Y
GI-E28,GI-Fistula-In-Ano,N
GI-E29,GI-Cholelithiasis,Y
GI-E30,GI-Cholecystitis,Y
GI-E31,GI-Appendicitis,N
GI-E32,GI-Hernia,Y
GI-E33,GI-Diverticula of Intestine,Y
GI-E34,GI-Peritonitis,N
GI-E35,GI-Liver Abscess,Y
GI-E36,GI-Pancreatitis,N
GI-E37,GI-Proctitis colorectal polyp,Y
GI-E38,GI-Splenonegacy,Y
GI-E39,GI-Hepatomegaly Fatty Liver,Y
GI-E40,GI-Enterobiasis,Y
GI-E41,GI-Anal Fissure,Y
GI-E42,GI-Regurgitation; Gastroesopageal Reflux Disease (GERD) ,N
GI-F01,GI-Glycosuria; Diabetes Mellitus (DM),N
GI-F02,GI-Comatose; Satyriasis,Y
GI-F03,"GI-Thyroid Adenoma; Tumor, Nodule; Goitre",Y
GI-F04,GI-Hypoglycaemia; Insulin Coma,Y
GI-F05,GI-Thyrotoxicosis; Graves' Disease; Hyperthyroidism,N
GI-F07,GI-Hypothyroidism; Thyroid Deficiency,N
GI-F08,"GI-Hyperlipidaemia, Hyperlipidemia",N
GI-F09,GI-Leukocytosis; Leukaemia,N
GI-F11,GI-Hyperparathyroidism,Y
GI-F12,GI-Hypo-Parathyroidism; Parathyroiditis,Y
GI-F13,GI-Thyroiditis,N
GI-F14,GI-Hyperoestrogeism,Y
GI-F15,GI-Hormonal Imbalance; Hormone Replacement Therapy (HRT),N
GI-F16,GI-Thrombocytopenia; Bleeding Tendency,N
GI-F17,GI-Systemic Lupus Erythematosus (SLE),N
GI-F18,GI-Hyperproteinemia,N
GI-F19,GI-Anaemia,N
GI-F20,GI-Purpura,N
GI-F21,GI-Hypercholestrolaemia,N
GI-F22,GI-Pituitary Gland Tumour,Y
GI-F23,GI-cushing's syndrome,N
GI-F24,GI-Myeloma,N
GI-F25,GI-Polycythaemia,N
GI-F26,GI-Lymphoma,N
GI-F27,GI-Myasthenia Gravis ?????,Y
GI-F28,GI-Adrenal Mass,Y
GI-G01,GI-Dysfunctional Uterine Bleeding (DUB) ; Menorrhagia,N
GI-G02,GI-Cervicitis; Cervical Erosion; Cervical Polyp,N
GI-G03,GI-Vaginitis; Vulvitis; Pruritus Vulvae; Vaginal Discharge,N
GI-G04,GI-Anovulatary Menstral Cycle (R4),Y
GI-G05,GI-Vestibulitis,N
GI-G06,GI-Moniliasis; Candidiasis,N
GI-G07,GI-Dysmenorrhoea; Menses Pain; Premenstrual Tension,N
GI-G08,GI-Leukorrhoea,N
GI-G10,GI-Amenorrhoea; Climacteric Symptoms; Menopause; Menopausal,N
GI-G11,GI-Contraception (R4) ,Y
GI-G12,GI-Endometriosis; Adenomyosis,N
GI-G13,GI-Mastitis; Mastalgia; Papilloma,N
GI-G14,GI-Infertility (R4),Y
GI-G15,GI-Ovarian Cyst; Uterine Fibroid,N
GI-G16,"GI-Breast Tumor, Lump; Fibroadenoma",N
GI-G17,GI-Pelvic Infection (PID),N
GI-G18,GI-Oligomenorrhea; Hypomenorhoea,N
GI-G19,GI-Irregular Period; Menstrual Disorder,N
GI-G21,GI-Salpingitis; Oophoritis,N
GI-G22,GI-Genital Prolapse,N
GI-G23,GI-Bartholian Cyst ??????,N
GI-G24,GI-Cervical Intraepithalial Neoplasic (CIN); Atypial Squamous Cells Cerical Uterus Sym. (ASCUS); Abnormal Pap Smar,N
GI-G26,"GI-Anbnormal Bleeding, Postcoital Bleeding",N
GI-G27,GI-Hyperprolactinemia ; Intermenstrual Bleeding,N
GI-H01,GI-Cystitis,N
GI-H02,GI-Urinary Tract Infection (UTI),N
GI-H03,GI-Nephritis,N
GI-H04,GI-Pyelonephritis,N
GI-H05,GI-Urethritis,N
GI-H06,GI-Renal Stone; Ureteric Stone,N
GI-H07,GI-Dysuria;Polyuria; Frequency,N
GI-H08,GI-Nephroptosis (Nephroptosis; Oedema; Albuminur; Proteinuria; Low Plasma Albumn),N
GI-H09,GI-Hydronephrosis,Y
GI-H10,GI-Bladder; Urethral Stone,N
GI-H11,GI-Urethral Stricture,Y
GI-H12,GI-Renal Failure,Y
GI-H13,GI-Loin Pain,N
GI-H14,GI-Nphrotic Syndrome,N
GI-H15,GI-Vesico-Ureteric Reflux,Y
GI-H16,GI-Retention of Urine; Incontinence; Enuresis,N
GI-I01,GI-Otitis Externa (Pinna; External Auditory Canal),N
GI-I02,GI-Otitis Media (CSOM),N
GI-I03,GI-Labyrinthitis,N
GI-I04,GI-Cholesteatoma,N
GI-I06,"GI-Post-Nasal Discharge, Dripping",N
GI-I07,GI-Laryngitis; Laryngoracheitis,N
GI-I08,GI-Sinusitis; Ethmoiditis,N
GI-I09,GI-Nasal Allergy; Nasal Mucosal Inflammation,N
GI-I10,GI-Throat Infection; Sore Throat; Voice Hoarseness,N
GI-I11,GI-Ear Infection; Ear Wax; Otalgia; Cerumen,N
GI-I12,GI-Eustachian Tube Obstruction; Dysfunction,N
GI-I13,GI-Epistaxia; Nose Bleeding,N
GI-I14,GI-Meniere's Disease,N
GI-I15,GI-Otosclerosis,N
GI-I16,GI-Tinnitus,N
GI-I17,GI-Vocal Nodule,N
GI-I18,GI-Perforation of Tympanic Membrane (Ear Drum),N
GI-I19,GI-Deafness; Hearing Loss,N
GI-I20,GI-Nasopharyngeal Carcinoma (NPC),N
GI-I21,GI-Mastoiditis,N
GI-I22,GI-Myringitis; Tympnitis,N
GI-I23,GI-Foreign Body In E.N.T.,N
GI-I24,GI-Nasal Polyp,N
GI-I25,GI-Deviation Nasal Septum,N
GI-I26,GI-Vestibular Neuronitis,N
GI-J01,"GI-Dermatitis (Allergic, Contact, Neuro)",N
GI-J02,GI-Eczema,N
GI-J03,GI-Urticaria,N
GI-J04,GI-Hordeolum,N
GI-J05,GI-Carbuncle; Boil; Furuncle; Furunculosis;Corn,N
GI-J06,GI-Paronychia; Onychia Lateralis; Onychomycosis; Ingrowing Toe-Nail (IGN/IGTN); Nail Dystrophy,N
GI-J07,GI-Cellulitis,N
GI-J08,GI-Psoriasis,N
GI-J09,GI-Abscess; Lump; Cyst; Wart; Mass; Nodule; Lipoma,N
GI-J10,GI-Fungal; Fungus Infection,N
GI-J11,GI-Scalp Infection; Dandruff; Alopecia Areata; Lose Hair,N
GI-J12,GI-Toe Infection; Dactylitis,N
GI-J13,GI-Insect/mosquito bite,N
GI-J14,GI-Herpes Labialis; Lip Infection; Cheilitis; Cold Sore,N
GI-J15,GI-Herpes Simplex; Hand-Foot-Mouth Disease,N
GI-J16,GI-Herpes Zoster; Shingles,N
GI-J18,GI-Discoid Lupus Erythematosus; Erythematous Condition; Steven Johnson Syndrome (SJS),N
GI-J19,GI-Impetigo,N
GI-J20,GI-Prupitus; Prurigo,N
GI-J21,GI-Lichen,N
GI-J22,GI-Leukoplakia; Leukokeratosis; Vitiligo; Hyperkeratosis; Keratoma; Cutaneous Horn; Callosity,N
GI-J23,GI-Acne; Comedo,N
GI-J24,GI-Folliculitis,N
GI-J25,GI-Rosacea,N
GI-J26,GI-Tinea Infection; Pityriasis,N
GI-J27,GI-Rash,N
GI-J28,GI-Pilondial Cyst,N
GI-J29,GI-Naevi; Mole; Birth Mark; Striae,N
GI-J30,GI-Keloid,N
GI-J31,GI-Ulcerative Skin,N
GI-J32,GI-Finger Infection,N
GI-J33,GI-Verruce,N
GI-J34,GI-Melanoma ????,Y
GI-J35,GI-Skin Lesion,N
GI-J36,GI-Lentigo (R25),Y
GI-J37,GI-Inflammatory Hyperpigmention,N
GI-J38,GI-Pompholyx; Dyshidrosis,N
GI-K02,GI-Sciatica; Ischialgia,N
GI-K03,GI-Hyperuricaemia;Gout,N
GI-K04,GI-Painful Arc Syndrome; TMJ Syndrome,N
GI-K05,GI-Low Back Pain (LBP); Lumbago,N
GI-K06,GI-Arthritis; Arthralgia; Osteo-Arthritis (O.A.),N
GI-K07,GI-Neuritis; Neuralgia; Radiculitis,N
GI-K08,GI-Myofibrositis; Myositis; Myalgia,N
GI-K10,GI-Neck Pain; Torticollis; Cervical Spondylosis; Radicylitis,N
GI-K11,GI-Muscular Strain; Frozen Shoulder,N
GI-K12,GI-Prolapse Lumbar Disc; Lumbar Spine Subluxation,N
GI-K13,GI-Chondritis; Chondromalacia; Tendinitis; Fascitis; Periositis; Quervain?S Disease,N
GI-K14,GI-Rheumatism,N
GI-K15,GI-Rheumatoid Arthritis (RA),N
GI-K16,GI-Coccydria,N
GI-K19,GI-Ankylosing Spondylitis,N
GI-K20,GI-Osteoporosis,N
GI-K21,GI-Ganglion,N
GI-K22,GI-Knee Pain,N
GI-K23,GI-Behcet?S Syndrome,N
GI-K24,GI-Wrist Pain,N
GI-K25,GI-Genu Valgum; Hallus Valgus; Deformities of Toe,N
GI-K26,GI-Synovitis; Tenosynovitis,N
GI-K27,GI-Bursitis,N
GI-K28,GI-Fibrositis,N
GI-K29,GI-Ankle Pain,N
GI-K30,GI-Foot Pain,N
GI-K31,GI-Tennis Elbow,N
GI-K32,GI-Flat Foot,N
GI-K33,GI-Exostosis,N
GI-K34,GI-Detoriation of Cervicen,N
GI-K35,GI-Tietze?s Disease,N
GI-K36,GI-Scoliosis,N
GI-K37,GI-Pyomyositis,N
GI-L01,GI-Genman Measles,N
GI-L02,GI-Measles; Rubella,N
GI-L03,GI-Chicken Pox (Varicella); Hives,N
GI-L04,GI-Mumps; Epidemic Parotitis,N
GI-L05,GI-Hepatitis,N
GI-L06,GI-Viral Adenitis; Lymphadenitis; Cervical Adenitis; Cervical Glands; Kawaski Disease; Lymph Node (LN),N
GI-L09,GI-Malaria,N
GI-L10,GI-Poliomyelitis,N
GI-L11,GI-Cholera,N
GI-L12,GI-Chlamydial Infection,N
GI-L13,GI-Syphilis,N
GI-L14,GI-Gonococcal Infections,N
GI-L15,GI-Other Venereal Disease;HIV,N
GI-L16,GI-Food Poisoning,N
GI-L17,GI-Septicaemia (Septicemia),N
GI-L18,GI-Viral Infection,N
GI-L19,GI-Bacterial Infection; Streptococcal or Staphylococcal Infection,N
GI-L20,GI-Rotavirus Infection ,N
GI-L21,GI-Dengue Fever ???,N
GI-M01,GI-Laceration & Abrasion; Injury; Wound; Intertrigo,N
GI-M02,GI-Concussion & contusion/head injury,N
GI-M03,GI-Sprained; Trauma; Bruise,N
GI-M04,GI-Fracture,N
GI-M05,GI-Scald; Burn,N
GI-M06,GI-Dislocation,N
GI-M07,GI-Animal Bite,N
GI-M08,GI-Drug Poisoning,N
GI-M09,GI-Mercury Poisoning,N
GI-N01,GI-Eye-Infection; Red Eye; Blepharitis,N
GI-N02,GI-Meibomian Cyst (Chalazion of Eyelid); Pinguecula; Hordeolum; Pterygium; Foreign Body; Stye,N
GI-N03,GI-Conjunctivitis,N
GI-N04,GI-Subconjunctival Haemorrhage,N
GI-N05,GI-Trachoma,N
GI-N06,GI-Keratitis; Corneal Ulcer; Keratoconus; Keratoconjunctivitis; Superficial Punctatte Keratitis (S.P.K.),N
GI-N07,GI-Detachment of Retina,N
GI-N08,GI-Muscae Volitantes; Myopsis; Vitreous Floater,N
GI-N09,GI-Retinal Degeneration,N
GI-N10,GI-Myopia (R4),Y
GI-N11,GI-Refractive Error; Astignatism; Hypermetropia; Anisometropia; Aniseikonia (R4),Y
GI-N12,GI-Cataract,N
GI-N13,GI-Glaucoma,N
GI-N14,GI-Iritis; Uveitis ; episcleritis,N
GI-N15,GI-Amblyopia (R4),Y
GI-N16,GI-Presbyopia (R4),Y
GI-N19,GI-Blindness; Loss Vision; Loss of Sight,N
GI-N22,GI-Acryoadenitis; Disorder of Lacrimal System ;Epiphora,N
GI-N23,GI-Strabismus; Squint; Ametropia; Esoptropia; Exoptropia (R4),Y
GI-N24,GI-Visual Disturbances; Asthenopia; Blurred Vision,N
GI-N25,GI-Diabetic Retinopathy,N
GI-N26,GI-Entropion and Trichiasis,N
GI-N27,GI-Diplopia,N
GI-N28,GI-Macular Bleeding; Haemorrhage,N
GI-N29,GI-Lithiasis,N
GI-N30,GI-Maculopathy,N
GI-N31,GI-Proptosis,N
GI-N32,GI-Optic Neuritis,N
GI-N33,GI-Pinguecula,N
GI-N34,GI-Scleral Pigmentation,N
GI-N35,GI-Retinal Hole,N
GI-P01,GI-Balanitis,N
GI-P02,GI-Long Prepuce; Phimosis (R4),Y
GI-P03,GI-Enlargement of Prostate; Fibroadenoma of Prostate; BPH (Benign Prostatic Hypertrophy),N
GI-P04,GI-Prostatitis,N
GI-P05,GI-Hydrocele,N
GI-P06,GI-Orchitis and Epididymitis; Testicular Pain;Testitis,N
GI-P07,GI-Oligospermia; Azoospermia; Infertility ,Y
GI-P08,GI-Spermatocele,Y
GI-P09,GI-Vesiculitis; Seminal Vestculitis,N
GI-P10,GI-Haemospermia,N
GI-P11,GI-Erectile Dysfunction,Y
GI-P12,GI-Gynecomastia,N
GI-Q01,GI-Stomatitis; Oral Infection; Thrust; Behcet Syndrome,N
GI-Q02,GI-Glossitis,N
GI-Q03,GI-Aphthous Ulcer,N
GI-Q04,GI-Gingivitis; Periodontitis,N
GI-Q05,GI-Oesophagitis,N
GI-Q06,GI-Harelip,N
GI-Q07,GI-Disease of Salivary Gland,N
GI-Q08,GI-Mandibular; Submandibula Gland Tumour,N
GI-Q09,GI-Disease of Jawbones,N
GI-Q10,GI-Tongue Tied,Y
GI-T02,GI-Hydrocephalus; Encephalitis; Myelitis; Encephalomyelitis,Y
GI-T03,GI-Epilepsy,Y
GI-T04,GI-Meningitis,Y
GI-T05,GI-Cerebral Degeneration; Dementia,Y
GI-T06,GI-Parkinson?s Disease,Y
GI-T07,GI-Neuropathy,Y
GI-T08,GI-Cerebral Palsy; Brain Tumor,Y
GI-T09,GI-Migraine,N
GI-T10,GI-Trigeminal Neuralgia,N
GI-T11,GI-Facial Nerve Disorder; Bell?s Palsy,N
GI-T12,GI-Carpal Tunnel Syndrome (CTS),N
GI-T13,GI-Acoustic Neuroma,Y
GI-T14,GI-Ventriculitis,Y
GI-T15,GI-Demyelinating Disease,Y
GI-T16,GI-Muscle Atrophy,Y
GI-T17,GI-Schizoghrenia,Y
GI-T18,GI-Cerebella Cyst,Y
GI-T19,GI-Piturtary Tumor,Y
GI-T20,GI-Guillain Barre Syndrome ???????????,Y
786.7,ABNORMAL CHEST SOUNDS,N
764,"ABNORMAL FINDING, CLINICAL",N
781.2,ABNORMAL GAIT,N
781.0,ABNORMAL INVOLUNATRY MOVEMENT,N
781.9,ABNORMAL POSTURE,N
786.4,ABNORMAL SPUTUM,N
919.0,ABRASION,N
566,ABSCESS - ANAL / RECTAL,N
566,ABSCESS - ANAL / RECTAL,N
675.1,"ABSCESS - BREAST, CHILDBIRTH",N
727.89,ABSCESS - BURSA / TENDON,N
373.13,ABSCESS - EYELID,N
569.5,ABSCESS - INTESTINE,N
572.0,ABSCESS - LIVER,N
513.0,ABSCESS - LUNG,N
513.1,ABSCESS - MEDIASTINUM,N
607.2,ABSCESS - PENIS,N
522.5,ABSCESS - PERIAPICAL / DENTAL,N
475,ABSCESS - PERIAPICAL / DENTAL,N
478.29,ABSCESS - PHARYNX / NASOPHARYNX,N
527.3,ABSCESS - SALIVARY GLAND,N
597.0,ABSCESS - URETHRAL,N
616.4,ABSCESS - VULVAL,N
744.1,ACCESSORY AURICLE,N
530.0,ACHALASIA - CARDIO (GI JUNCTION),N
276.2,ACIDOSIS,N
706.1,ACNE / BLACKHEAD,N
253.0,ACROMEGALY AND GIGANTISM,N
99.92,ACUPUNCTURE,N
621.5,ADHESION OF UTERUS,N
255.5,ADRENAL HYPOFUNCTION,N
366.50,AFTER CATARACT,N
303.9,ALCOHOL DEPENDENCE SYNDROME,N
276.3,ALKALOSIS,N
995.3,ALLERGY ,N
995.27,ALLERGY - DRUG,N
995.7,ALLERGY - FOOD,N
704.01,ALOPECIA - AREATA,N
704.00,ALOPECIA / BALDNESS / LOSS OF HAIR,N
368.00,AMBLYOPIA / POOR SIGHT,N
626.0,AMENORRHEA,N
V28.1,AMNIOCENTESIS,N
887,"AMPUTATION - ARM / HAND, TRAUMATIC",N
886,"AMPUTATION - FINGER, TRAUMATIC",N
897,"AMPUTATION - LEG, TRAUMATIC",N
277.3,AMYLOIDOSIS,N
995.0,ANAPHYLAXIS,N
752.62,ANASPADIAS,N
285.9,ANEMIA,N
284.9,ANEMIA - APLASTIC,N
282,ANEMIA - HEMOLYTIC ,N
280,ANEMIA - IRON DEFICIENCY,N
238.72,ANEMIA - REFRACTORY,N
442.9,ANEURYSM ,N
442.3,ANEURYSM - ARTERY OF LOWER LIMBS,N
442.0,ANEURYSM - ARTERY OF UPPER LIMBS,N
437.3,ANEURYSM - CEREBRAL,N
414.11,ANEURYSM - CORONARY VESSELS,N
442.2,ANEURYSM - ILIAC ARTERY,N
442.1,ANEURYSM - RENAL ARTERY,N
413,ANGINA PECTORIS,N
569.84,ANGIODYSPLASIA - INTESTINE,N
955.1,ANGIOEDEMA,N
521.6,ANKYLOSIS - DENTAL,N
783.0,ANOREXIA,N
307.1,ANOREXIA NERVOSA,N
641.9,ANTEPARTUM HEMORRHAGE,N
335,ANTERIOR HORN CELL DISEASE,N
621.6,ANTEVERSION / RETROVERSION - UTERUS,N
300.0,ANXIETY,N
784.3,APHASIA (caused by portion of brain damage),N
540.1,APPENDICITIS WITH PERITONEAL ABSCESS,N
540.0,APPENDICITIS WITH PERITONITIS,N
540,"APPENDICITIS, ACUTE",N
542,"APPENDICITIS, CHRONIC",N
427.9,ARRHYTHMIA,N
447.6,ARTERITIS,N
440.9,"ARTEROSLEROSIS, UNSPECIFIED",N
719,ARTHRALGIA / PAIN - JOINT,N
716.97,ARTHRITIS - ANKLE / FOOT,N
716.93,ARTHRITIS - FOREARM,N
716.94,ARTHRITIS - HAND,N
711.9,ARTHRITIS - INFECTIVE,N
716.96,ARTHRITIS - LOWER LEG,N
716.99,ARTHRITIS - MULTIPLE SITES,N
716.95,ARTHRITIS - PELVIC / THIGH,N
716.91,ARTHRITIS - SHOULDER,N
716.92,ARTHRITIS - UPPER ARM,N
716.98,ARTHRITIS / ATHROPATHY,N
716.98,ARTHRITIS / ATHROPATHY,N
789.5,ASCITES,N
733.4,ASEPTIC NECROSIS - BONE,N
792.2,ASTHENOSPERMIA ,N
493.9,ASTHMA,N
493.2,"ASTHMATIC BRONCHITIS, CHRONIC",N
367.2,ASTIGMATISM,N
786.9,ASYMMETRY - CHEST,N
781.3,ATAXIA / MUSCULAR INCOORDINATION ,N
623.2,ATRESIA - VAGINAL,N
427.31,ATRIAL FIBRILLATION,N
427.32,ATRIAL FLUTTER,N
427.61,ATRIAL PREMATURE BEATS,N
384.82,ATROPHIC NONFLACCID TYMPANIC MEMBRANE,N
587,ATROPHY - KIDNEY,N
377.1,ATROPHY - OPTIC,N
527.0,ATROPHY - SALIVARY GLAND,N
608.3,ATROPHY - TESTIS,N
V39,BABY NURSERY,N
790.7,BACTEREMIA ,N
607.1,BALANITIS / BALANOPOSTHITIS,N
993.0,BAROTRAUMA,N
227.0,BENIGN - ADRENAL GLAND,N
213.4,BENIGN - ARM BONE,N
223.3,BENIGN - BLADDER,N
223.3,BENIGN - BLADDER,N
213,BENIGN - BONE,N
217,BENIGN - BREAST,N
219.0,BENIGN - CERVIX,N
211.3,BENIGN - COLON,N
215.9,BENIGN - CONNECTIVE TISSUE,N
211.9,BENIGN - DIGESTIVE,N
216.2,BENIGN - EAR,N
227.9,BENIGN - ENDOCRINE,N
219.1,BENIGN - ENDOMETRIUM / MYOMETRIUM,N
224,BENIGN - EYE,N
221.9,BENIGN - FEMALE GENITAL,N
213.8,BENIGN - FOOT / TOE BONE,N
213.3,BENIGN - HAND / FINGER BONE,N
212.7,BENIGN - HEART,N
223.0,BENIGN - KIDNEY,N
212.1,BENIGN - LARYNX,N
217,BENIGN - LEFT BREAST,N
216.2,BENIGN - LEFT EAR,N
223.0,BENIGN - LEFT KIDNEY,N
213.7,BENIGN - LEG BONE,N
211.5,BENIGN - LIVER,N
215.3,BENIGN - LOWER LIMB TENDON,N
212.3,BENIGN - LUNG,N
229.0,BENIGN - LYMPHATIC SYSTEM,N
222.9,BENIGN - MALE GENITAL,N
212.5,BENIGN - MEDIASTINAL,N
212.5,BENIGN - MEDIASTINUM,N
210.3,BENIGN - MOUTH,N
210.7,BENIGN - NASOPHARGNX,N
225.9,BENIGN - NERVOUS SYSTEM,N
211.0,BENIGN - OESOPHAGUS,N
220,BENIGN - OVARY,N
211.6,BENIGN - PANCREAS,N
210.2,BENIGN - PAROTID GLAND,N
215.6,BENIGN - PELVIS,N
222.2,BENIGN - PROSTATE,N
211.4,BENIGN - RECTUM,N
212.9,BENIGN - RESPIRATORY TRACT,N
217,BENIGN - RIGHT BREAST,N
216.2,BENIGN - RIGHT EAR,N
223.0,BENIGN - RIGHT KIDNEY,N
210.2,BENIGN - SALIVARY GLAND,N
221.0,BENIGN - SALPINX,N
222.4,BENIGN - SCROTUM,N
216.9,BENIGN - SKIN,N
211.2,BENIGN - SMALL INTESTINE,N
225.3,BENIGN - SPINE,N
211.9,BENIGN - SPLEEN,N
211.1,BENIGN - STOMACH,N
222.0,BENIGN - TESTIS,N
212.6,BENIGN - THYMOMA,N
226,BENIGN - THYROID GLAND,N
210.1,BENIGN - TONGUE,N
212.2,BENIGN - TRACHEA,N
229.9,BENIGN - UNSPECIFIED SITE,N
215.2,BENIGN - UPPER LIMB TENDON,N
219.9,BENIGN - UTERUS,N
757.32,BIRTH MARK / STRAWBERRY NEVUS,N
767.9,BIRTH TRAUMA,N
523.9,BLEEDING - GUM,N
784.7,BLEEDING - NOSE / EPISTAXIS,N
627.1,BLEEDING - POST MENOPAUSAL,N
623.8,BLEEDING - VAGINAL,N
373.0,BLEPHARITIS,N
333.81,BLEPHAROSPASM,N
631,BLIGHTED OVUM,N
369.4,BLINDNESS,N
919.2,BLISTER,N
375.11,BLOCKED TEAR DUCT,N
375.11,"BLOCKED TEAR DUCT, LEFT",N
375.11,"BLOCKED TEAR DUCT, RIGHT",N
368.8,BLURRED VISION,N
733.29,BONE - DYSPLASIA FIBROUS,N
427.81,BRADYCARDIA,N
744.41,BRANCHIAL CLEFT SINUS / FISTULA,N
652.2,BREECH DELIVERY,N
494,BRONCHIECTASIS,N
466.1,"BRONCHIOLITIS, ACUTE",N
490,BRONCHITIS,N
466.0,"BRONCHITIS, ACUTE",N
518.4,BRONCHOEDEMA,N
518.89,BRONCHOLITHIASIS,N
485,BRONCHOPNEUMONIA,N
519.11,BRONCHOSPASM,N
307.51,BULIMIA NERVOSA,N
694.9,BULLOUS DERMATOSES,N
694.5,BULLOUS PEMPHIGOID,N
727.1,BUNION (sign of hallux vaglus),N
948.2,BURN - 3RD DEGREE OVER 20% BODY,N
949,BURN - SKIN,N
727.3,BURSITIS,N
727.3,BURSITIS,N
726.71,BURSITIS - ACHILLES,N
726.33,BURSITIS - ELBOW / OLECRANON,N
726.4,BURSITIS - HAND / WRIST,N
726.5,BURSITIS - HIP,N
726.60,BURSITIS - KNEE,N
519.19,CALCIFICATION - BRONCHUS / TRACHEA,N
719.80,CALCIFICATION - JOINT,N
366.8,CALCIFICATION - LEN,N
518.89,CALCIFICATION - LUNG,N
112,CANDIDIASIS,N
680.9,CARBUNCLE / FURUNCLE / BOIL,N
259.2,CARCINOID SYNDROME,N
232,CARCINOMA IN SITU - SKIN,N
429.3,CARDIOMEGALY,N
425,CARDIOMYOPATHY,N
429.89,CARDITIS,N
354.0,CARPAL TUNNEL SYNDROME,N
366,CATARACT,N
366,"CATARACT, LEFT",N
366,"CATARACT, RIGHT",N
355.9,CAUSALGIA,N
355.71,CAUSALGIA - LOWER LIMB,N
345.4,CAUSALGIA - UPPER LIMB,N
754.71,CAVUS FOOT,N
682.9,CELLULITIS & ABSCESS,N
682.9,CELLULITIS & ABSCESS,N
682.5,CELLULITIS & ABSCESS - BUTTOCK,N
682.0,CELLULITIS & ABSCESS - FACE,N
681.9,CELLULITIS & ABSCESS - NAIL,N
682.2,CELLULITIS & ABSCESS - TRUNK,N
437.4,CEREBRAL ARTERITIS,N
348.5,CEREBRAL EDEMA,N
434.1,CEREBRAL EMBOLISM,N
434.91,CEREBRAL INFARCTION,N
434.0,CEREBRAL THROMBOSIS,N
654.5,CERVICAL INCOMPETENCE IN PREGNANCY,N
622.4,CERVICAL STENOSIS,N
616.0,CERVICITIS / ENDOCERVICITIS,N
373.2,CHALAZION / MAIBOMIAN CYST,N
787.99,CHANGE IN BOWEL HABIT,N
V28.9,CHECK UP - ANTENATAL ,N
V70,CHECKUP- HEALTH,N
528.5,CHEILITIS,N
V073,CHEMOTHERAPY,N
052,CHICKEN POX,N
709.09,CHLOASMA,N
156.1,CHOLANGIOCARCINOMA,N
576.1,CHOLANGITIS,N
575.10,CHOLECYSTITIS,N
385.30,CHOLESTEATOMA,N
380.03,CHONDRITIS - PINNA,N
733.99,CHONDRITIS / OSTEOCHONDRITIS,N
733.92,CHONDROMALACIA,N
496,CHRONIC AIRWAY DISEASE,N
496,CHRONIC AIRWAY OBSTRUCTION,N
496,CHRONIC OBSTRUCTIVE AIRWAY DIS,N
791.1,CHYLURIA,N
571.6,CIRRHOSIS - BILIARY,N
571.5,CIRRHOSIS - LIVER,N
571.2,CIRRHOSIS - LIVER BY ALCOHOLIC,N
736.74,"CLAW FOOT, Acquired",N
735.5,"CLAW TOE, Acquired",N
749.1,CLEFT LIP,N
749.0,CLEFT PALATE,N
213.2,CLIVE CHORDOMA,N
121.1,CLONORCHIASIS / INFECTION -LIVER,N
736.71,"CLUB FOOT, Acquired",N
781.5,CLUBBING - FINGERS,N
286,COAGULATION DEFECTS,N
747.10,COARCTATION OF AORTA,N
574.0,COLIC - BILIARY,N
789.0,COLIC - INTESTINE,N
788.0,COLIC - RENAL,N
556.9,COLITIS - ULCERATIVE,N
555.1,COLITIS (LARGE INTESTINE),N
518.0,COLLAPSE - LUNG,N
368.5,COLOR BLINDNESS,N
780.01,COMA,N
279.2,COMBINED IMMUNITY DEFICIENCY,N
354.9,COMPRESSION - NERVE,N
850,CONCUSSION,N
078.11,CONDYLOMA ACCUMINATUM,N
747.9,CONGENITAL ANOMALY - CIRCULATORY SYSTEM,N
744.3,CONGENITAL ANOMALY - EAR,N
746.9,CONGENITAL ANOMALY - HEART,N
753.9,CONGENITAL ANOMALY - URINARY,N
750.24,CONGENITAL FISTULA - SALIVARY GLAND,N
759.9,CONGENTIAL ANOMALY,N
372.54,CONJUCTIVAL CONCRETION,N
372.3,CONJUNCTIVITIS,N
255.12,CONN'S SYNDROME,N
564.0,CONSTIPATION,N
V25.0,CONTRACEPTIVE ADVICE,N
V25.1,CONTRACEPTIVE DEVICE,N
922.2,CONTUSION - ABDOMINAL WALL / GROIN,N
922.31,CONTUSION - BACK,N
851,CONTUSION - BRAIN,N
922.0,CONTUSION - BREAST,N
922.1,CONTUSION - CHEST WALL,N
923.1,CONTUSION - ELBOW / FOREARM,N
921,CONTUSION - EYE,N
920,CONTUSION - FACE / NECK,N
923.3,CONTUSION - FINGER,N
924.20,CONTUSION - HEEL,N
924.0,CONTUSION - HIP / THIGH,N
924.5,CONTUSION - LOWER LEG,N
920,CONTUSION - NOSE,N
923.0,CONTUSION - SHOULDER / UPPERARM,N
924.9,CONTUSION - SKIN,N
924.3,CONTUSION - TOE / TOENAIL,N
922.4,CONTUSION - VAGINA / VULVA,N
923.2,CONTUSION - WRIST / HAND,N
780.39,CONVULSION,N
780.31,CONVULSION - FEBRILE,N
700,CORN INFECTED,N
414.0,CORONARY ARTERIOSCLEROSIS,N
410,CORONARY ATTACK / HEART ATTACK,N
733.6,COSTOCHONDRITIS,N
786.2,COUGH,N
V65.4,COUNSELLING,N
611.2,CRACKED NIPPLE,N
729.82,CRAMP - LIMB,N
756.0,CRANIOSTENOSIS,N
464.4,CROUP,N
710.1,CRST SYNDROME / SCLERODERMA,N
782.8,CRUST / THICKENING OF SKIN,N
117.5,CRYPTOCOCCOSIS,N
354.2,CUBITAL TUNNEL SYNDROME,N
255.0,CUSHING'S SYNDROME,N
782.5,CYANOSIS,N
727.51,CYST - BAKER'S / POPLITEAL SPACE,N
616.2,CYST - BARTHOLIN'S GLAND,N
576.8,CYST - BILE DUCT,N
733.20,CYST - BONE,N
744.42,CYST - BRANCHIAL SINUS,N
610.0,CYST - BREAST,N
610.0,"CYST - BREAST, LEFT",N
610.0,"CYST - BREAST, RIGHT",N
348.0,CYST - CEREBRAL / ARACHNOID,N
751.69,"CYST - CHOLEDOCHAL, CONGENITAL",N
526.0,CYST - DENTIGEROUS,N
374.84,CYST - EYELID,N
620.8,CYST - FALLOPIAN TUBE,N
624.8,CYST - FEMALE GENITAL SITE,N
526.2,CYST - JAW,N
593.2,CYST - KIDNEY,N
478.79,CYST - LARYNGEAL,N
528.5,CYST - LIP,N
608.8,CYST - MALE GENITAL SITE,N
526.2,CYST - MAXILLA,N
373.2,CYST - MEIBOMIAN GLAND,N
528.4,CYST - MOUTH,N
620.2,CYST - OVARIAN,N
620.2,"CYST - OVARIAN, LEFT",N
620.2,"CYST - OVARIAN, RIGHT",N
568.89,CYST - PERITONEAL,N
478.26,CYST - PHARYNX / NASOPHARYNX,N
685,CYST - PILONIDAL SINUS,N
744.47,CYST - PREAURICULAR SINUS,N
522.8,CYST - RADICULAR / PERIODONTAL,N
706.2,CYST - SEBACEOUS,N
727.40,CYST - SYNOVIAL,N
245.9,CYST - THYROGLOSSAL,N
623.8,CYST - VAGINAL,N
595,CYSTITIS,N
618.01,CYSTOCELE,N
618.09,CYSTOURETHROCELE,N
375.30,DACRYOCYSTITIS,N
348.9,DAMAGE - BRAIN,N
389.9,DEAFNESS,N
269,DEFICIENCY,N
279.3,"DEFICIENCY - IMMUNITY, UNSPECIFIED",N
736.70,DEFORMITY - ANKLE & FOOT,N
738.9,DEFORMITY - BONE,N
736.2,DEFORMITY - FINGER,N
736.0,DEFORMITY - FOREARM,N
736.3,DEFORMITY - HIP,N
738.2,DEFORMITY - NECK,N
738.0,DEFORMITY - NOSE,N
738.5,DEFORMITY - SPINE,N
362.50,DEGENEATION - MACULAR,N
331.9,DEGENERATION - BRAIN,N
360.40,DEGENERATION - EYE,N
362.63,DEGENERATION - LATTICE,N
362.63,"DEGENERATION - LATTICE, LEFT",N
362.63,"DEGENERATION - LATTICE, RIGHT",N
379.21,DEGENERATION - VITREOUS,N
717.9,DEGENERATION / DERANGEMENT- KNEE,N
379.16,DEGENERATIVE DISORDERS - SCLERA,N
276.51,DEHYDRATION,N
259.0,DELAYED PUBERTY,N
290,DEMENTIAS,N
341.0,DEMYELINATION - OPTICAL,N
521.0,DENTAL CARIES,N
T99,DENTAL TREATMENT,N
311,DEPRESSION,N
686.0,DERMATITIS,N
691.8,DERMATITIS - ATOPIC,N
692.9,DERMATITIS - CONTACT,N
374.87,DERMATOCHALASIA,N
111,DERMATOMYOSITIS,N
361.2,DETACHMENT - RETINA,N
361.2,"DETACHMENT - RETINA, LEFT",N
361.2,"DETACHMENT - RETINA, RIGHT",N
V29.9,DEVELOPMENT CHECK UP,N
470,DEVIATED - NASAL SEPTUM,N
253.5,DIABETES INSIPIDUS,N
250,DIABETES MELLITUS,N
648.0,DIABETES MELLITUS IN PREGNANCY,N
250.8,DIABETIC HYPOGLYCEMIA,N
250.1,DIABETIC KETOACIDOSIS,N
250.6,DIABETIC NEUROLOGICAL PROBLEM,N
250.5,DIABETIC OPHTHALMIC PROBLEM,N
691.0,DIAPER RASH,N
787.91,DIARRHEA,N
V65.3,DIETICIAN,N
719.7,DIFFICULTY IN WALKING,N
344.2,DIPLEGIA - UPPER LIMB,N
368.2,DIPLOPIA,N
388.6,DISCHARGE - EAR,N
611.79,DISCHARGE - NIPPLE,N
788.7,DISCHARGE - URETHRAL,N
623.5,DISCHARGE - VAGINAL,N
736.81,DISCREPANCY - LEG LENGTH,N
629.9,DISEASE -  FEMALE GENITAL ORGAN,N
253,DISEASE - ADRENAL GLAND,N
279.4,DISEASE - AUTOIMMUNE,N
576.9,DISEASE - BILE DUCT,N
289.9,DISEASE - BLOOD,N
733.90,DISEASE - BONE / CARTILAGE,N
733.90,DISEASE - BONE / CARTILAGE,N
443.1,DISEASE - BUERGER'S ,N
448,DISEASE - CAPILLARY,N
436,DISEASE - CEREBROVASCULAR,N
710.9,DISEASE - CONNECTIVE TISSUE,N
414.9,DISEASE - CORONARY / HEART,N
555.9,DISEASE - CROHN'S,N
727.04,DISEASE - DE QUERVAIN,N
388.9,DISEASE - EAR,N
259,DISEASE - ENDOCRINE,N
379.90,DISEASE - EYE,N
575.9,DISEASE - GALLBLADDER,N
074.3,"DISEASE - HAND,FOOT,MOUTH",N
722.90,DISEASE - INTERVERTEBRAL DISC,N
569.9,DISEASE - INTESTINAL,N
446.1,DISEASE - KAWASAKI ,N
593.9,DISEASE - KIDNEY,N
593.9,DISEASE - KIDNEY LEFT,N
593.9,DISEASE - KIDNEY RIGHT,N
573.9,DISEASE - LIVER,N
571,"DISEASE - LIVER, CHRONIC",N
518.89,DISEASE - LUNG,N
238.79,DISEASE - LYMPHATIC,N
608.9,DISEASE - MALE GENITAL ORGAINS,N
728.9,"DISEASE - MUSCLE, LIGAMENT & FASCIA",N
238.75,DISEASE - MYELODYSPLASTIC,N
703.9,DISEASE - NAIL,N
349.9,DISEASE - NERVOUS SYSTEM,N
732.4,DISEASE - OSGOOD SCHLATTER,N
731.0,DISEASE - PAGET'S IN BONE,N
577.9,DISEASE - PANCREA,N
252,DISEASE - PARATHYROID GLAND,N
423.9,DISEASE - PERICARDIUM,N
443.0,DISEASE - RAYNAUD'S ,N
519.9,DISEASE - RESPIRATORY,N
398.9,DISEASE - RHEUMATIC HEART,N
709.09,DISEASE - SCHAMBERG'S,N
706.9,DISEASE - SEBACEOUS GLAND,N
709.9,DISEASE - SKIN,N
729.9,DISEASE - SOFT TISSUE,N
289.50,DISEASE - SPLEEN,N
705.9,DISEASE - SWEAT GLAND,N
254,DISEASE - THYMUS GLAND,N
246,DISEASE - THYROID GLAND,N
733.6,DISEASE - TIETZE'S,N
599.9,DISEASE - URINARY,N
099.9,DISEASE - VENEREAL,N
527.8,DISEASES OF SUBMANDIBULAR GLAND,N
839,DISLOCATION,N
832,DISLOCATION - ELBOW,N
834,DISLOCATION - FINGER,N
835,DISLOCATION - HIP,N
830,DISLOCATION - JAW,N
831,DISLOCATION - SHOULDER,N
839,DISLOCATION - VERTEBRA,N
833,DISLOCATION - WRIST,N
352.4,DISORDER - ACCESSORY (11th) NERVE ,N
388.5,DISORDER - ACOUSTIC NERVE ,N
309.9,DISORDER - ADJUSTMENT,N
719.97,DISORDER - ANKLE / FOOT JOINT,N
424.1,DISORDER - AORTIC VALVE ,N
314.0,DISORDER - ATTENTION DEFICIT ,N
312.9,DISORDER - BEHAVIOURAL ,N
296.0,DISORDER - BIPOLAR,N
352.9,DISORDER - CRANIAL NERVE ,N
297,DISORDER - DELUSIONAL ,N
379.59,DISORDER - EYE MOVEMENTS,N
307.59,"DISORDER - FEEDING, NONORGANIC ",N
719.93,DISORDER - FOREARM JOINT,N
352.2,DISORDER - GLOSSOPHARYNGEAL (9th) NERVE ,N
719.94,DISORDER - HAND / FINGER JOINT,N
719.95,DISORDER - HIP JOINT,N
352.5,DISORDER - HYPOGLOSSAL (12th) NERVE ,N
719.90,DISORDER - JOINT,N
719.96,DISORDER - LOWER LEG JOINT,N
627.9,DISORDER - MENOPAUSAL,N
626.9,DISORDER - MENSTRUAL,N
277.9,DISORDER - METABOLISM,N
424.0,DISORDER - MITRAL VALVE ,N
296,DISORDER - MOOD ,N
333.9,DISORDER - MOVEMENT,N
352.0,DISORDER - OLFACTORY (1st) NERVE ,N
377.4,DISORDER - OPTICAL NERVE (6th) ,N
316,DISORDER - PSYCHIATRIC,N
298.9,DISORDER - PSYCHOTIC ,N
424.3,DISORDER - PULMONARY VALVE ,N
295,DISORDER - SCHIZOPHRENIC,N
719.91,DISORDER - SHOULDER,N
315.3,"DISORDER - SPEECH / LANGUAGE, DEVELOPMENTAL",N
536.9,DISORDER - STOMACH,N
524.5,DISORDER - TEMPOROMANDIBULAR JOINT,N
424.2,DISORDER - TIRCUSPID VALVE ,N
719.92,DISORDER - UPPER ARM JOINT,N
621.9,DISORDER - UTERUS,N
441.0,DISSECTION - AORTA,N
414.12,DISSECTION - CORONARY ARTERY,N
787.3,DISTENSION - ABDOMEN / FLATULENCE,N
536.1,DISTENTION - STOMACH,N
781.1,DISTURBANCES - SMELL / TASTE,N
562.1,DIVERTICULA - COLON,N
562.0,DIVERTICULA - SMALL INTESTINE,N
537.1,DIVERTICULUM - GASTRIC,N
599.2,DIVERTICULUM - URETHRAL,N
780.4,DIZZINESS / GIDDINESS,N
753.8,DOUBLE RETHRA,N
944.1,DROWNING,N
780.09,DROWSINESS,N
304,DRUG DEPENDENCE,N
701.1,"DRY SKIN = Keratoderma, acquired",N
799.9,DUMMY DIAGNOSIS CODE,N
535.6,DUODENITIS,N
752.2,DUPLEX / DOUBLE - UTERUS,N
728.6,DUPUYTREN'S CONTRACTURE,N
259.4,DWARFISM,N
009.0,DYSENTERY,N
596.59,DYSFUNCTION - BLADDER,N
381.81,DYSFUNCTION - EUSTACHIAN TUBE,N
381.81,"DYSFUNCTION - EUSTACHIAN TUBE,LT",N
381.81,"DYSFUNCTION - EUSTACHIAN TUBE,RT",N
386.5,DYSFUNCTION - LABYRINTHINE,N
626.8,DYSFUNCTIONAL UTERINE BLEEDING (DUB),N
705.81,DYSIDROSIS / POMPHOLYX,N
625.3,DYSMENORRHEA,N
625.0,DYSPAREUNIA,N
536.8,DYSPEPSIA / HYPERACIDITY / INDIGESTION,N
787.2,DYSPHAGIA,N
784.5,DYSPHASIA,N
622.10,DYSPLASIA - CERVIX,N
622.11,"DYSPLASIA - CERVIX, MILD (CIN I)",N
622.12,"DYSPLASIA - CERVIX, MODERATE (CIN II)",N
235.2,DYSPLASIA - STOMACH,N
786.09,DYSPNOEA / WHEEZ/DIFF IN BREATH,N
333.72,DYSTONIA,N
359.1,DYSTROPHY - PROGRESSIVE MUSCULAR,N
788.1,DYSURIA,N
122,ECHINOCOCCUS,N
610.4,ECTASIA - MAMMARY DUCT,N
374.10,ECTROPION - EYELID,N
692.9,ECZEMA,N
782.3,EDEMA,N
374.82,EDEMA - EYELID,N
518.4,EDEMA - LUNG,N
376.3,EDEMA - ORBITAL,N
478.25,EDEMA - PHARYNX / NASOPHARYNX,N
624.8,EDEMA / CYST - VULVA,N
719.07,EFFUSION - ANKLE / FOOT JOINT,N
719.00,EFFUSION - JOINT,N
719.06,EFFUSION - LOWER LEG JOINT,N
994.8,ELECTROCUTION,N
790.93,ELEVATED PROSTATET SPECIFIC ANTIGEN (PSA),N
453.9,EMBOLISM - VEIN,N
492,EMPHYSEMA,N
518.1,EMPHYSEMA - MEDIASTINAL,N
253.8,EMPTY SELLA SYNDROME,N
510,EMPYEMA,N
323.9,ENCEPHALITIS,N
742.0,ENCEPHALOCELE,N
323.9,ENCEPHALOMYELITIS,N
348.30,ENCEPHALOPATHY,N
307.7,"ENCOPRESIS, NONORGAINIC ORIGIN",N
421.9,"ENDOCARDITIS, ACUTE",N
617.9,ENDOMETRIOSIS,N
617.3,ENDOMETRIOSIS - PELVIC PERITONEUM,N
615.9,ENDOMETRITIS,N
785.6,ENLARGE - LYMPH NODE / SWOLLEN GLANDS,N
555.9,ENTERITIS,N
618.6,ENTEROCELE - VAGINAL / PELVIC,N
048,ENTEROVIRAL INFECTION ,N
374.00,ENTROPION - EYELID,N
307.6,"ENURESIS, NONORGANIC ORIGIN",N
288.2,EOSINOPHILIA,N
074.1,EPIDEMIC PLEURODYNIA,N
604.9,EPIDIDYMITIS / ORCHITIS,N
464.3,"EPIGLOTTITIS, ACUTE",N
345.9,EPILEPSY,N
622.0,EROSION - CERVIX,N
535.1,EROSION - GASTRIC,N
695.9,ERYTHEMA,N
695.1,ERYTHEMA - MULTIFORME,N
238.4,ERYTHREMIA,N
530.1,ESOPHAGITIS,N
378.0,ESOTROPIA,N
V72.0,EXAMINATION OF EYES AND VISION,N
780.92,EXCESSIVE CRYING - INFANT,N
380.81,EXOSTOSIS - EXTERNAL EAR CANAL,N
526.81,EXOSTOSIS - JAW,N
378.1,EXOTROPIA,N
368.13,EYE STRAIN / ASTHENOPIA / PHOTOPHOBIA,N
351.8,FACIAL MYOKYMIA,N
572.8,FAILURE - LIVER,N
586,FAILURE - RENAL,N
586,"FAILURE - RENAL, LEFT",N
586,"FAILURE - RENAL, RIGHT",N
518.81,FAILURE - RESPIRATORY,N
783.7,FAILURE TO THRIVE - ADULT,N
783.41,FAILURE TO THRIVE - CHILD,N
644.1,FALSE LABOR,N
729.4,FASCIITIS,N
728.89,FASCIITIS - EOSINOPHILIC,N
728.86,FASCIITIS - NECROTIZING,N
728.71,FASCIITIS - PLANTAR,N
780.7,"FATIGUE, MALAISE, TIREDNESS",N
571.8,FATTY LIVER,N
783.3,FEEDING DIFFICULTY & MISMANAGEMENT,N
002.0,FEVER - ENTERIC,N
034.1,FEVER - SCARLET,N
002.0,FEVER - TYPHOID,N
780.6,FEVER / PYREXIA,N
610.2,FIBROADENOSIS - BREAST ,N
610.2,"FIBROADENOSIS - BREAST, LEFT",N
610.2,"FIBROADENOSIS - BREAST, RIGHT",N
610.1,FIBROCYSTIC - BREAST,N
610.1,"FIBROCYSTIC - BREAST, LEFT",N
610.1,"FIBROCYSTIC - BREAST, RIGHT",N
229.9,FIBROMA,N
729.1,FIBROMYOSITIS,N
729.1,FIBROMYOSITIS,N
565.0,FISSURE - ANAL,N
676.1,FISSURE - NIPPLE,N
569.81,FISTULA - ABDOMINAL,N
565.1,FISTULA - ANAL,N
447.0,FISTULA - ARTERIOVENOUS,N
593.82,FISTULA - INTESTINOURETERAL,N
686.9,FISTULA - SKIN,N
619.0,FISTULA - VESICOVAGINAL,N
734,FLAT FOOT,N
756.3,FLOATING RIB / SLIPPED RIB,N
276.6,FLUID RETENTION,N
782.62,FLUSHING,N
704.8,FOLLICULITIS,N
005.9,FOOD POISONING,N
931,FOREIGN BODY - EAR,N
931,"FOREIGN BODY - EAR, LEFT",N
931,"FOREIGN BODY - EAR, RIGHT",N
930,FOREIGN BODY - EXTERNAL EYE,N
930,"FOREIGN BODY - EYE, LEFT",N
930,"FOREIGN BODY - EYE, RIGHT",N
939,FOREIGN BODY - GENITOURINARY TRACT,N
935,FOREIGN BODY - MOUTH / ESOPHAGUS,N
932,FOREIGN BODY - NOSE,N
933,FOREIGN BODY - PHARYNX / LARYNX,N
729.6,FOREIGN BODY - SOFT TISSUE,N
938,FOREIGN BODY - SWALLOWED,N
934,FOREIGN BODY - TRACHEA / LUNG,N
829,FRACTURE,N
824,FRACTURE - ANKLE,N
824,"FRACTURE - ANKLE, LEFT",N
824,"FRACTURE - ANKLE, RIGHT",N
818,FRACTURE - ARM,N
818,"FRACTURE - ARM, LEFT",N
818,"FRACTURE - ARM, RIGHT",N
814,FRACTURE - CARPAL,N
810,FRACTURE - CLAVICLE,N
802,FRACTURE - FACE BONES : NOSE / JAW / ORITAL FLOOR,N
802,FRACTURE - FACE BONES : NOSE / JAW / ORITAL FLOOR,N
821,FRACTURE - FEMUR,N
816,FRACTURE - FINGER,N
817,FRACTURE - HAND,N
812,FRACTURE - HUMERUS,N
823,FRACTURE - LEG,N
823,"FRACTURE - LEG, LEFT",N
823,"FRACTURE - LEG, RIGHT",N
815,FRACTURE - METACARPAL,N
822,FRACTURE - PATELLA,N
822,"FRACTURE - PATELLA, LEFT",N
822,"FRACTURE - PATELLA, RIGHT",N
808,FRACTURE - PELVIS,N
813,FRACTURE - RADIUS / ULNA,N
813,"FRACTURE - RADIUS / ULNA, LEFT",N
813,"FRACTURE - RADIUS / ULNA, RIGHT",N
807,FRACTURE - RIB,N
811,FRACTURE - SCAPULA,N
811,"FRACTURE - SCAPULA, LEFT",N
811,"FRACTURE - SCAPULA, RIGHT",N
800,FRACTURE - SKULL,N
825,FRACTURE - TARSAL & METATARSAL,N
826,FRACTURE - TOE,N
805,FRACTURE - VERTEBRAL,N
805,FRACTURE - VERTEBRAL,N
806,FRACTURE - VERTEBRAL + SPINAL CORD INJURY,N
726.0,FROZEN SHOULDER,N
611.6,"GALACTORRHEA, NOT CHILDBIRTH",N
676.6,"GALACTORRHEA, WITH CHILDBIRTH",N
574.2,GALLSTONE,N
727.43,GANGLION,N
785.4,GANGRENE,N
131.01,GARDNERELLA VAGINALIS,N
787.3,GAS ON STOMACH,N
535.0,GASTRITIS,N
558.2,GASTROENTERITIS,N
618,GENITAL PROLAPSE,N
736.41,GENU VALGUM / KNOCKED KNEE,N
736.42,GENU VARUM,N
727.02,GIANT CELL TUMOR - TENDON SHEATH,N
307.23,GILLES de la TOURETTE SYNDROME,N
523.1,GINGIVITIS,N
365,GLAUCOMA,N
365,"GLAUCOMA, LEFT",N
365,"GLAUCOMA, RIGHT",N
225.9,GLIOMA - BRAIN,N
300.11,GLOBUS PHARYNGIS,N
580,"GLOMERULONEPHRITIS, ACUTE",N
582,"GLOMERULONEPHRITIS, CHRONIC",N
529.0,GLOSSITIS,N
478.6,GLOTTIS / SUPRAGLOTTIS,N
381.2,GLUE EAR,N
381.2,"GLUE EAR, LEFT",N
381.2,"GLUE EAR, RIGHT",N
791.5,GLYCOSURIA,N
240,GOITRE,N
274,GOUT,N
526.3,GRANULOMA - JAW,N
099.2,GRANULOMA INGUINALE (a Venereal Disease),N
783.43,GROWTH RETARDATION,N
V72.31,GYNAE CHECK & PAP SMEAR,N
V72.3,GYNAE CHECKUP,N
611.1,GYNECOMASTIA,N
646.3,HABITUAL ABORTION,N
735.2,HALLUX RIGIDUS,N
735.0,HALLUX VALGUS,N
735.1,HALLUX VARUS,N
784.0,HEADACHE,N
785.2,HEART MUMMUR,N
787.1,HEARTBURN,N
992.5,HEAT EXHAUSTION,N
992.0,HEATSTROKE,N
228.00,HEMANGIOMA,N
719.10,HEMARTHROSIS,N
719.16,HEMARTHROSIS - KNEE,N
578.0,HEMATEMESIS,N
904.9,HEMATOMA ,N
864.01,HEMATOMA - LIVER BY CONTUSION,N
607.83,HEMATOMA - MALE GENITAL ,N
380.31,HEMATOMA - PINNA,N
432.1,HEMATOMA - SUBDURAL,N
623.6,HEMATOMA - VAGINAL,N
624.5,HEMATOMA - VULVA,N
664.50,HEMATOMA - VULVAR & PERINEAL,N
621.4,HEMATOMETRA,N
620.8,HEMATOSALPINX,N
608.82,HEMATOSPERMIA,N
599.7,HEMATURIA,N
342,HEMIPLEGIA / HEMIPARESIS,N
275.0,HEMOCHROMATOSIS,N
V56.0,HEMODIALYSIS,N
568.81,HEMOPERITONEUM,N
568.81,HEMOPERITONEUM / CYST - MESOTHELIA,N
786.3,HEMOPTYSIS,N
853,HEMORRHAGE - BRAIN,N
448.9,HEMORRHAGE - CAPILLARY,N
530.82,HEMORRHAGE - ESOPHAGEAL,N
379.99,HEMORRHAGE - EYE,N
578.9,HEMORRHAGE - GASTROINTESTINAL TRACT,N
431,HEMORRHAGE - INTRACEREBRAL (ICH),N
364.41,HEMORRHAGE - IRIS.CILIARY BODY,N
666,HEMORRHAGE - POST.PARTUM,N
569.3,HEMORRHAGE - RECTUM & ANUS,N
430,HEMORRHAGE - SUBARACHNOID (SAH),N
784.8,HEMORRHAGE - THROAT,N
459.0,HEMORRHAGE - UNSPECIFIED,N
379.23,HEMORRHAGE - VITREOUS,N
455.8,HEMORRHOID - BLEEDING / PROLAPSED,N
455,HEMORRHOID / PILE,N
V05.3,HEP A VACCINATION/SCREENING,N
V05.3,HEP B SCREENING/VACCINATION,N
573.3,HEPATITIS,N
070.1,HEPATITIS A,N
070.3,HEPATITIS B,N
V02.61,HEPATITIS B CARRIER,N
571.4,"HEPATITIS, CHRONIC",N
789.1,HEPATOMEGALY,N
553.3,HERNIA - ESOPHAGEAL HIATUS,N
553.0,HERNIA - FEMORAL,N
550,HERNIA - INGUINAL,N
553.1,HERNIA - PARUMBILICAL,N
074.0,HERPANGINA,N
054.10,HERPES - GENITAL,N
054,"HERPES - SIMPLEX, LIPS",N
053,HERPES - ZOSTER / SHINGLES,N
786.8,HICCOUGH,N
705.83,HIDRADENITIS,N
704.1,HIRSUTISM / HYPERTRICHOSIS,N
784.49,HOARSENESS,N
270.4,HOMOCYSTINEMIA,N
373.11,HORDEOLUM,N
603,HYDROCELE,N
331.4,HYDROCEPHALUS,N
591,HYDRONEPHROSIS,N
596.51,HYPERACTIVITY - BLADDER,N
314.01,HYPERACTIVITY - CHILD,N
277.4,HYPERBILIRUBINEMIA,N
275.42,HYPERCALCEMIA,N
276.9,HYPERCHLOREMIA / HYPOCHLOREMIA,N
272.0,HYPERCHOLESTEROLEMIA,N
643.0,HYPEREMESIS GRAVIDARUM,N
790.6,HYPERGLYCAEMIA,N
270.7,HYPERGLYCINEMIA,N
780.8,HYPERHIDROSIS / EXCESSIVE SWEATING,N
780.8,HYPERHIDROSIS / EXCESSIVE SWEATING,N
272.4,HYPERLIPIDEMIA,N
367.0,HYPEROPIA / FAR-SIGHTEDNESS,N
252.0,HYPERPARATHYROIDISM,N
621.3,HYPERPLASIA - ENDOMETRIUM,N
599.89,HYPERPLASIA - URETHROVAGINAL,N
276.7,HYPERPOTASSEMIA,N
253.1,HYPERPROLACTINEMIA,N
270.8,HYPERPROLINEMIA,N
273.8,HYPERPROTEINEMIA,N
780.54,HYPERSOMNIA,N
401.9,HYPERTENSION - ESSENTIAL,N
401.0,HYPERTENSION - MALIGNANT,N
642.2,HYPERTENSION - PREGNANCY,N
416.0,HYPERTENSION - PRIMARY PULMONARY,N
242.9,HYPERTHYROIDISM,N
701.9,HYPERTROPHIC / ATROPHIC - SKIN,N
611.1,HYPERTROPHY - BREAST,N
593.1,HYPERTROPHY - KIDNEY,N
600,HYPERTROPHY - PROSTATE BENIGN,N
527.1,HYPERTROPHY - SALIVARY GLAND,N
474.1,HYPERTROPHY - TONSIL & ADENOID,N
478.0,HYPERTROPHY - TURBINATE,N
790.6,HYPERURICEMIA,N
786.01,HYPERVENTILATION,N
275.41,HYPOCALCEMIA,N
300.7,HYPOCHONDRIASIS,N
251.2,HYPOGLYCEMIA,N
259.9,HYPOGONADISM - FEMALE,N
257.2,HYPOGONADISM - MALE,N
276.8,HYPOKALEMIA / HYPOPOTASSEMIA,N
783.9,HYPOMETABOLISM,N
276.1,HYPONATREMIA (Sodium Deficiency),N
253.7,HYPOPITUITARISM,N
752.61,HYPOSPADIAS,N
752.61,HYPOSPADIAS,N
458,HYPOTENSION,N
244,HYPOTHYROIDISM,N
786.09,HYPOVENTILATION,N
799.01,HYPOXEMIA,N
300.10,HYSTERIA,N
337.0,IDIOPATHIC PERIPHERAL AUTONOMIC NEUROPATHY,N
555.0,ILEITIS (SMALL INTESTINE),N
259.9,IMBALANCE - HORMONE,N
560.39,IMPACTION - FECAL,N
751.2,IMPERFORATE - ANUS / RECTUM,N
752.42,IMPERFORATE - HYMEN,N
753.6,IMPERFORATE - URINARY MEATUS,N
684,IMPETIGO,N
607.84,"IMPOTENCE, ORGANIC ORIGIN",N
302.72,"IMPOTENCE, PYSCHOSEXUAL",N
788.30,INCONTINENCE - URINARY,N
410.9,INFARCTION - MYOCARDIUM,N
614.9,INFECTION  - PELVIC,N
683,INFECTION - AXILLARY GLAND,N
041.9,INFECTION - BACTERIAL,N
360.00,INFECTION - EYE,N
110.9,INFECTION - FUNGAL,N
730.85,INFECTION - HIP BONE,N
527.3,INFECTION - MANDIBULAR GLAND DUCT,N
685.1,INFECTION - PILONIDAL SINUS,N
608.4,INFECTION - SCROTUM / SPERM CORD,N
686.9,INFECTION - SKIN,N
686.8,INFECTION - UMBILICAL,N
079.9,INFECTION - VIRUS,N
958.3,INFECTION - WOUND,N
075,INFECTIOUS MONONUCLEOSIS,N
628,INFERTILITY - FEMALE,N
606.9,INFERTILITY - MALE,N
628.0,INFERTILITY DUE TO ANOVATORY CYCLE,N
628.2,INFERTILITY DUE TO TUBAL BLOCK,N
373.9,INFLAMMATION - EYELID,N
615.0,INFLAMMATION - UTERUS,N
487,INFLUENZA,N
703.0,INGROWING NAIL,N
959.1,INJURY - BACK,N
959.11,INJURY - CHEST WALL,N
863.4,INJURY - COLON / RECTUM,N
959.3,INJURY - EBLOW/ FOREARM / WRIST,N
959.3,INJURY - ELBOW / FOREARM / WRIST,N
872.0,INJURY - EXTERNAL EAR,N
871.9,INJURY - EYEBALL,N
959.5,INJURY - FINGER,N
959.4,INJURY - HAND,N
959.01,INJURY - HEAD,N
861,INJURY - HEART / LUNG,N
959.6,INJURY - HIP / THIGH,N
868,INJURY - INTRA.ABDOMEN,N
866,INJURY - KIDNEY,N
959.7,INJURY - KNEE / LEG / ANKLE / FOOT,N
959.7,INJURY - KNEE / LEG / ANKLE / FOOT,N
959.7,INJURY - KNEE / LEG / ANKLE / FOOT,N
959.7,INJURY - KNEE / LEG / ANKLE / FOOT,N
959.7,INJURY - KNEE / LEG / ANKLE / FOOT,N
864,INJURY - LIVER ,N
959.09,INJURY - NECK & FACE,N
959.09,INJURY - NECK & FACE,N
867,INJURY - PELVIC ORGANS,N
959.14,INJURY - PENIS,N
956.0,INJURY - SCIATIC NERVE,N
959.14,INJURY - SCROTUM,N
959.2,INJURY - SHOULDER / UPPER ARM,N
863.2,INJURY - SMALL INTESTINE,N
952.9,INJURY - SPINE,N
865,INJURY - SPLEEN ,N
863.0,INJURY - STOMACH,N
959.7,INJURY - TOE,N
959.9,INJURY / TRAUMA,N
919.4,INSECT BITE,N
V26.1,INSEMINATION ARTIFICIAL,N
780.52,INSOMNIA,N
599.83,INSTABILITY - URETHRAL,N
695.89,INTERTRIGO,N
437.9,INTRACRANIAL VESSEL DISEASE,N
621.5,INTRAUTERINE SYNECHIAE,N
560.0,INTUSSUSCEPTION - INTESTINE,N
364.3,IRITIS,N
564.1,IRRITABLE BOWEL SYNDROME,N
414.9,ISCHEMIA - HEART,N
698.9,ITCH / PRURITIS,N
774.3,JAUNDICE - NEONATAL,N
782.4,JAUNDICE / ICTERUS - NOT NEWBORN,N
327.35,JET LAG,N
701.4,KELOID SCAR,N
370,KERATITIS,N
370.4,KERATOCONJUNCTIVITIS,N
371.60,KERATOCONUS UNSPECIFIED,N
702.0,KERATOSIS - ACTINIC,N
702.1,KERATOSIS - SEBORRHEIC,N
701.1,KERATOSIS / KERATODERMA,N
386.30,LABYRINTHITIS / VESTIBULITIS - EAR,N
959.9,LACERATION,N
871.4,LACERATION - CORNEA,N
881,LACERATION - ELBOW / FOREARM / WRIST,N
873.42,LACERATION - EYEBROW / FOREHEAD,N
873.40,LACERATION - FACE,N
883,LACERATION - FINGER,N
892,LACERATION - FOOT,N
882,LACERATION - HAND,N
891,LACERATION - KNEE / LEG / ANKLE,N
874.0,LACERATION - LARYNX / TRACHEA,N
873.43,LACERATION - LIP,N
873.6,LACERATION - MOUTH / TONGUE,N
874.8,LACERATION - NECK / THROAT,N
873.2,LACERATION - NOSE,N
874.4,LACERATION - PHARYNX,N
873.0,LACERATION - SCALP,N
880,LACERATION - SHOULDER / UPPER ARM,N
893,LACERATION - TOE,N
783.40,LACK OF NORMAL PHYSIOLOGICAL DEVELOPMENT,N
375.31,LACRIMAL CANALICULITIS,N
464.0,"LARYNGITIS, ACUTE",N
476.0,"LARYNGITIS, CHRONIC",N
465.0,"LARYNGOPHARYNGITIS, ACUTE",N
476.1,"LARYNGOTRACHEITIS, CHRONIC",N
783.42,LATE TALKER / LATE WALKER,N
759.89,LAURENCE-MOON-BIEDL SYNDROME,N
728.4,LAXITY - LIGAMENT,N
315.2,LEARNING DIFFICULTY,N
709.09,LENTIGO,N
744.42,LESION - BRACHIAL PELXUS,N
353.2,LESION - CERVICAL NERVE ROOT ,N
739.1,LESION - CERVICOTHRACIC REGION,N
353.4,LESION - LUMBOSACRAL NERVE ROOT ,N
739.3,LESION - LUMBOSACRAL REGION,N
355.6,LESION - PLANTAR NERVE ,N
355.3,LESION - POPLITEAL NERVE,N
354.3,LESION - RADIAL NERVE ,N
739.4,LESION - SACROCOCCYGEAL REGION,N
355.0,LESION - SCIATIC NERVE ,N
353.3,LESION - THORACIC NERVE ROOT ,N
739.2,LESION - THORACOLUMBAR REGION,N
354.2,LESION - ULNAR NERVE ,N
208.0,LEUKEMIA - ACUTE,N
204.0,LEUKEMIA - LYMPHOBLASTIC,N
204.0,LEUKEMIA - LYMPHOBLASTIC,N
206,LEUKEMIA - MONOCYTIC,N
205,LEUKEMIA - MYELOID,N
288.50,LEUKOCYTOPENIA / LEUKOPENIA,N
528.6,LEUKOPLAKIA - ORAL MUCOSA / TONGUE,N
697.9,LICHEN,N
697.0,LICHEN PLANUS,N
374.41,LID RETRACTION OR LAG,N
214.9,LIPOMA,N
780.93,LOSS OF MEMORY,N
784.41,LOSS OF VOICE,N
528.3,LUDWIG'S ANGINA,N
724.2,LUMBAGO,N
388.8,LUMP - EAR,N
388.8,"LUMP - EAR, LEFT",N
388.8,"LUMP - EAR, RIGHT",N
793.1,LUNG SHADOW,N
710.0,LUPUS ERY SYSTEMIC,N
683,"LYMPHADENITIS, ACUTE",N
289.1,"LYMPHADENITIS, CHRONIC / ADENITIS",N
289.2,"LYMPHADENITIS, MESENTERIC",N
289.3,"LYMPHADENITIS, UNSPECIFIED",N
288.51,LYMPHOCYTOPENIA,N
201.9,LYMPHOMA - HODGKIN'S,N
755.57,MACRODACTYLY,N
755.57,MACRODACTYLY,N
154.3,MAGLINANT - ANUS,N
142.0,MAGLINANT - PAROTID GLAND,N
142.1,MAGLINANT - SUBMANDIBULAR GLAND,N
084,MALARIA,N
747.69,MALFORMATION - ARTERIOVENOUS,N
196.3,MALIGNANT - AXILLA LYMPH NODE,N
188,MALIGNANT - BLADDER,N
170,MALIGNANT - BONE,N
191,MALIGNANT - BRAIN,N
174,MALIGNANT - BREAST,N
196.0,MALIGNANT - CERVICAL LYMPH NODE,N
153,MALIGNANT - COLON,N
154.0,MALIGNANT - COLON & RECTUM,N
159,MALIGNANT - DIGESTIVE ORGAN,N
171.0,MALIGNANT - EAR,N
194.9,MALIGNANT - ENDOCRINE,N
182.0,MALIGNANT - ENDOMETRIUM,N
187.5,MALIGNANT - EPIDIDYMIS,N
190.9,MALIGNANT - EYE,N
184.9,MALIGNANT - FEMALE GENITAL,N
156.0,MALIGNANT - GALLBLADDER,N
159.0,MALIGNANT - INTESTINE,N
189.0,MALIGNANT - KIDNEY,N
161,MALIGNANT - LARYNGEAL,N
174,MALIGNANT - LEFT BREAST,N
189.0,MALIGNANT - LEFT KIDNEY,N
183.0,MALIGNANT - LEFT OVARY,N
155.2,MALIGNANT - LIVER,N
162.8,MALIGNANT - LUNG,N
196,MALIGNANT - LYMPHATIC SYSTEM,N
187.9,MALIGNANT - MALE GENITAL,N
170.1,MALIGNANT - MANDIBLE,N
170.0,MALIGNANT - MAXILLA,N
164.9,MALIGNANT - MEDIASTINUM,N
172,MALIGNANT - MELANOMA,N
145,MALIGNANT - MOUTH,N
170,MALIGNANT - MUSCULOSKELETAL,N
164.1,MALIGNANT - MYOCARDIUM,N
147,MALIGNANT - NASOPHARGNX ,N
192.9,MALIGNANT - NERVOUS SYSTEM,N
150,MALIGNANT - OESOPHAGUS,N
183.0,MALIGNANT - OVARY,N
157,MALIGNANT - PANCREAS,N
185,MALIGNANT - PROSTATE,N
154.1,MALIGNANT - RECTUM,N
165.0,MALIGNANT - RESPIRATORY TRACT,N
174,MALIGNANT - RIGHT BREAST,N
189.0,MALIGNANT - RIGHT KIDNEY,N
183.0,MALIGNANT - RIGHT OVARY,N
187.7,MALIGNANT - SCROTUM,N
173,MALIGNANT - SKIN,N
187.6,MALIGNANT - SPERMATIC CORD,N
192.2,MALIGNANT - SPINE,N
151,MALIGNANT - STOMACH,N
186,MALIGNANT - TESTIS,N
164.0,MALIGNANT - THYMOMA,N
193,MALIGNANT - THYROID,N
141,MALIGNANT - TONGUE,N
146.0,MALIGNANT - TONSIL,N
179,MALIGNANT - UTERUS,N
736.1,MALLET FINGER,N
530.7,MALLORY-WEISS SYNDROME,N
524.4,MALOCCULUSION,N
789.3,MASS - ABDOMINAL / PELVIC,N
789.3,MASS - ABDOMINAL / PELVIC,N
611.72,MASS - BREAST ,N
611.72,MASS - BREAST LEFT,N
611.72,"MASS - BREAST, RIGHT",N
786.6,MASS - CHEST,N
784.2,MASS - HEAD / NECK,N
784.2,MASS - HEAD / NECK,N
782.2,MASS / LUMP / SWELLING - SUPERFICIAL,N
611.0,MASTITIS / INFECTION - NIPPLE,N
383.9,MASTOIDITIS,N
055,MEASLES /  RUBEOLA,N
519.2,MEDIASTINITIS,N
753.17,MEDULLARY SPONGE KIDNEY,N
564.7,MEGACOLON,N
578.1,MELENA / BLOOD IN STOOL,N
386.0,MENIERE'S DISEASE,N
322.9,MENINGITIS,N
627.2,MENOPAUSAL SYMPTOMS,N
319,MENTAL RETARDATION,N
355.1,MERALGIA PARESTHETICA,N
198.3,METASTASIS - BRAIN,N
197.7,METASTASIS - LIVER,N
198.5,METASTATIC - BONE,N
726.70,METATARSALGIA,N
626.6,METRORRHAGIA,N
346,MIGRAINE,N
632,MISCARRIAGE / MISSED ABORTION,N
359.8,MITOCHONDRIAL DISEASE,N
448.1,"MOLE, NON NEOPLASTIC",N
078.0,MOLLUSCUM CONTAGIOSUM,N
278.01,MORBID OBESITY,N
994.6,MOTION SICKNESS,N
993.2,MOUNTAIN SICKNESS,N
478.19,MUCOCELE - NASAL SINUS,N
527.6,MUCOCELE - SALIVERY GLAND / CYST - RANULA,N
288.0,MUCOSITIS,N
761.5,MULTIPLE PREGNANCY,N
340,MULTIPLE SCLEROSIS,N
072,MUMPS,N
379.24,MUSCAE VOLITANTES,N
358.0,MYASTHENIA GRAVIS,N
117,MYCOSIS,N
323.9,MYELITIS,N
203.0,MYELOMA,N
653.7,MYELOMENINGOCELE + DISPROPORTION,N
336.9,MYELOPATHY,N
746.89,MYOCARDIAL BRIDGE,N
429.0,MYOCARDITIS,N
333.2,MYOCLONUS,N
728.2,MYOFIBROSIS,N
333.2,MYOKYMIA,N
367.1,MYOPIA / NEAR SIGHTEDNESS,N
728.0,MYOSITIS,N
384.00,MYRINGITIS,N
448.1,"NAEVUS, NON NEOPLASTIC",N
478.11,NASAL MUCOSITIS,N
478.19,NASAL OBSTRUCTION,N
471,NASAL POLYP,N
460,NASOPHARYNGITIS / CATARRH / CORYZA / RHINITIS,N
472.2,"NASOPHARYNGITIS, CHRONIC",N
787.0,NAUSEA / VOMITING,N
570,NECROSIS - LIVER,N
V29,NEONATAL CARE,N
238.0,NEOPLASM OF SACROCOCCYGEAL TERATOMA,N
583,NEPHRITIS / NEPHROPATHY,N
581,NEPHROTIC SYNDROME,N
729.2,NEURALGIA,N
723.8,NEURALGIA - OCCIPITAL,N
300.5,NEURASTHENIA,N
729.2,NEURITIS,N
355.8,NEURITIS - LOWER LIMB,N
377.3,NEURITIS - OPTIC,N
354.9,NEURITIS - UPPER LIMB,N
237.70,NEUROFIBROMATOSIS,N
225.8,NEUROMA,N
355.9,NEUROPATHY - PERIPHERAL,N
300.5,NEUROSIS,N
288.0,NEUTROPENIA,N
368.6,NIGHT BLINDNESS,N
307.46,NIGHT TERROR,N
788.43,NOCTURIA,N
518.89,NODULE - LUNG,N
478.5,NODULE - VOCAL CORD,N
739.8,"NONALLOPATHIC LESIONS, RIB CAGE",N
300.9,NONPSYCHOTIC MENTAL DISORDER,N
241,NONTOXIC NODULAR GOITER,N
729.92,NONTRAUMATIC HEMATOMA OF SOFT TISSUE,N
650,NORMAL DELIVERY,N
782.0,NUMBNESS / TINGLING,N
269,NUTRITIONAL DEFICIENCY,N
379.50,NYSTAGMUS,N
665.9,OBSTETRICAL TRAUMA,N
496,OBSTRUCTION - AIRWAY,N
576.2,OBSTRUCTION - BILE DUCT,N
596.0,OBSTRUCTION - BLADDER NECK,N
381.6,OBSTRUCTION - EUSTACHIAN TUBE,N
560.9,OBSTRUCTION - INTESTINE,N
593.4,OBSTRUCTION - URETER,N
593.4,"OBSTRUCTION - URETER, LEFT",N
593.4,"OBSTRUCTION - URETER, RIGHT",N
599.6,OBSTRUCTION - URINARY,N
626.1,OLIGOMENORRHEA,N
788.5,OLIGURIA / ANURIA,N
703.8,ONCHOLYSIS,N
703.8,ONCHOLYSIS / HYPERTROPHY NAIL,N
376.01,ORBITAL CELLULITIS,N
333.82,OROFACIAL DYSKINESIA,N
715.10,OSTEOARTHROSIS,N
715.17,OSTEOARTHROSIS - ANKLE / FOOT,N
715.16,OSTEOARTHROSIS - LOWER LEG,N
756.59,"OSTEODYSTROPHIES, CONGENITAL",N
213,OSTEOMA,N
730.2,OSTEOMYELITIS,N
756.52,OSTEOPETROSIS,N
733.0,OSTEOPOROSIS,N
380.1,OTITIS EXTERNA,N
380.1,"OTITIS EXTERNA, LEFT",N
381.0,OTITIS MEDIA,N
381.3,OTITIS MEDIA - SECRETORY,N
381.0,"OTITIS MEDIA, LEFT",N
381.0,"OTITIS MEDIA, RIGHT",N
380.1,"OTITS EXTERNA, RIGHT",N
387,OTOSCLEROSIS,N
256.9,OVARIAN DYSFUNCTION,N
256.2,"OVARIAN FAILURE, POSTSURGICAL",N
780.96,PAIN,N
789.0,PAIN - ABDOMINAL,N
569.42,PAIN - ANAL / RECTAL,N
719.47,PAIN - ANKLE / FOOT,N
724.5,PAIN - BACK,N
788.9,PAIN - BLADDER,N
611.71,PAIN - BREAST,N
786.50,PAIN - CHEST,N
388.7,PAIN - EAR / OTALGIA,N
719.42,PAIN - ELBOW / HUMERUS,N
789.06,PAIN - EPIGASTRIC,N
379.91,PAIN - EYE,N
719.43,PAIN - FOREARM,N
789.0,PAIN - GROIN,N
719.44,PAIN - HAND / FINGER,N
526.9,PAIN - JAW,N
724.2,PAIN - LOW BACK,N
719.46,PAIN - LOWER LEG,N
719.49,PAIN - MULTIPLE SITES,N
729.1,PAIN - MUSCLE,N
723.1,PAIN - NECK,N
719.45,PAIN - PELVIC / THIGH,N
719.45,PAIN - PELVIC / THIGH,N
786.51,PAIN - PRECORDIAL ,N
719.48,PAIN - RIB / SPINE,N
719.48,PAIN - RIB / SPINE,N
719.41,PAIN - SHOULDER,N
784.1,PAIN - THROAT,N
529.6,PAIN - TONGUE,N
782.61,PALLOR ,N
785.1,PALPITATIONS,N
351.0,PALSY -  FACIAL / BELL'S,N
378.54,PALSY - ABDUCENS NERVE (6th) ,N
378.52,PALSY - OCULOMOTOR NERVE (3rd) ,N
378.53,PALSY - TROCHLEAR NERVE (4th) ,N
577.1,"PANCREATITIS, CHRONIC",N
577.0,"PANCREATITS, ACUTE",N
284.1,PANCYTOPENIA,N
300.21,PANIC ATTACK,N
729.3,PANNICULITIS,N
V76.2,PAP SMEAR,N
377.31,PAPILLITIS - OPTIC,N
216.8,PAPILLOMA,N
236.3,PAPILLOMA - PERINEUM,N
344.9,PARALYSIS,N
344.3,PARALYSIS - LOWER LIMB,N
344.4,PARALYSIS - UPPER LIMB,N
478.3,PARALYSIS - VOCAL CORD / LARYNX,N
344.1,PARAPLEGIA - LOWER LIMB,N
129,PARASITISM - INTESTINAL,N
782.0,PARESTHESIA,N
332.0,PARKNSONISM,N
527.2,PAROTITIS / SIALOADENITIS,N
427.0,PAROXYSMAL TACHYCARDIA,N
747.0,PATENT DUCTUS ARTERIOSUS,N
754.81,Pectus excavatum,N
132,PEDICULOSIS / LICE,N
871.7,PENETRATION - OCULAR,N
384.2,PERFORATION - EAR DRUM / TYMPANIC,N
384.2,"PERFORATION - EAR DRUM, LEFT",N
384.2,"PERFORATION - EAR DRUM, RIGHT",N
530.4,PERFORATION - ESOPHAGUS,N
531.5,PERFORATION - GASTRIC,N
569.83,PERFORATION - INTESTINE,N
639.2,PERFORATION - UTERUS,N
420,PERICARDITIS,N
380.00,PERICHONDRITIS - AURICLE,N
523.4,PERIODONTITIS,N
730.3,PERIOSTITIS,N
568.0,PERITONEAL ADHESION,N
567.9,PERITONITIS,N
753.7,PERSISTENT UMBILICAL SINUS,N
782.7,PETECHIAE,N
227.0,PHAEOCHROMOCYTOMA -UNSPECIFIED,N
462,"PHARYNGITIS, ACUTE",N
472.1,"PHARYNGITIS, CHRONIC",N
270.1,PHENYLKETONURIA,N
605,PHIMOSIS / PARAPHIMOSIS,N
451.9,PHLEBITIS,N
300.20,PHOBIA,N
709.0,PIGMENTATION / DISCOLORATION,N
372.51,PINGUECULA,N
696.5,PITYRIASIS,N
696.3,PITYRIASIS ROSEA,N
641.0,PLACENTA PRAEVIA,N
511.9,PLEURAL EFFUSION,N
511,PLEURISY,N
505,PNEUMOCONIOSIS,N
483,PNEUMONIA DUE TO MYCOPLASMA PNEUMONIAE,N
482.9,"PNEUMONIA, BACTERIAL",N
480.9,"PNEUMONIA, VIRAL",N
512,PNEUMOPYOTHORAX,N
045.9,"POLIOMYELITIS, ACUTE",N
714.9,POLYARTHROPATHY - INFLAMMATORY,N
753.12,POLYCYSTIC KIDNEY,N
256.4,POLYCYSTIC OVARY,N
256.4,"POLYCYSTIC OVARY, LEFT",N
256.4,"POLYCYSTIC OVARY, RIGHT",N
238.4,POLYCYTHAEMIA VERA,N
755.01,"POLYDACTYLY, FINGERS ",N
783.5,POLYDIPSIA / EXCESSIVE THIRST,N
626.2,POLYMENORRHEA / MENORRHAGIA,N
725,POLYMYALGIA RHEUMATICA,N
710.4,POLYMYOSITIS,N
357.0,POLYNEURITIS,N
356.4,POLYNEUROPATHY,N
756.54,POLYOSTOTIC FIBROUS DYSPLASIA,N
569.0,POLYP - ANAL / RECTUM,N
622.7,POLYP - CERVIX,N
211.3,POLYP - COLON,N
621.0,POLYP - ENDOMETRIUM / UTERUS,N
575.8,POLYP - GALLBLADDER,N
624.6,POLYP - LABIA & VULVA,N
211.1,POLYP - STOMACH,N
593.89,POLYP - URETER,N
599.3,POLYP - URETHRAL,N
623.7,POLYP - VAGINA,N
478.4,POLYP - VOCAL CORD / LARYNX,N
783.6,POLYPHAGIA / EXCESSIVE EATING,N
788.42,POLYURIA,N
452,PORTAL VEIN THROMBOSIS,N
310.2,POST CONTUSION SYNDROME,N
626.7,POSTCOITAL BLEEDING,N
607.1,POSTHITIS,N
515,POSTINFLAMMATORY PULMONARY FIBROSIS / PULMONARY GRANULOMA,N
784.91,POSTNASAL DRIP,N
V24.2,POSTNATAL,N
672,POSTPARTUM FEVER,N
737.10,POSTURAL KYPHOSIS,N
737.2,POSTURAL LORDOSIS,N
744.46,PREAURICULAR SINUS / FISTULA,N
259.1,PRECOCIOUS SEXUAL PUBERTY,N
642.4,PRE-ECLAMPSIA,N
V72.40,PREGNANCY TEST,N
633,"PREGNANCY, ECTOPIC",N
630,"PREGNANCY, MOLAR",N
V22,"PREGNANCY, NORMAL",N
765.1,PREMATURE - INFANT,N
427.60,PREMATURE BEATS,N
644.2,PREMATURE LABOR,N
625.4,PREMENSTRUAL TENSION,N
367.4,PRESBYOPIA,N
705.1,PRICKLY HEAT / HEAT RASH,N
569.49,PROCTITIS,N
556.2,PROCTITIS - ULCERATIVE,N
524.10,PROGNATHISM,N
722.0,PROLAPSE - CERVICAL DISC,N
618.9,PROLAPSE - GENITAL FEMALE,N
722.2,PROLAPSE - INTERVERTEBRAL DISC,N
722.10,PROLAPSE - LUMBAR DISC,N
569.1,PROLAPSE - RECTUM,N
722.11,PROLAPSE - THORACIC DISC,N
599.5,PROLAPSE - URETHRA / URETHROCELE,N
601.9,PROSTATITIS,N
791.0,PROTEINURIA,N
698.0,PRUITUS - ANUS,N
698.1,PRUITUS - GENITAL ORGAN,N
698.2,PRURIGO,N
698.3,PRURIGO NODULARIS,N
V76.44,PSA Test,N
696.1,PSORIASIS,N
372.4,PTERYGIUM,N
372.4,"PTERYGIUM, LEFT",N
372.4,"PTERYGIUM, RIGHT",N
374.30,PTOSIS - EYELID,N
415.1,PULMONARY EMBOLISM,N
522.0,PULPITIS,N
287.2,PURPURA,N
287.0,PURPURA - SCHONLEIN.HENOCH,N
590.80,PYELITIS,N
590.80,PYELONEPHRITIS,N
686.1,PYOGENIC GRANULOMA - SKIN,N
599.0,PYURIA,N
475,QUINSY,N
723.4,RADICULITIS - CERVICAL,N
V58.0,RADIOTHERAPY,N
053.11,RAMSAY HUNT SYNDROME,N
334,RAMSAY HUNT SYNDROME TYPE II,N
782.1,RASH / EXANTHEMA,N
618.04,RECTOCELE / PROCTOCELE,N
654.4,RECTOCELE WITH PREGNANCY,N
379.93,REDNESS - EYE,N
751.5,REDUNDANT COLON,N
605,REDUNDANT PREPUCE,N
337.2,REFLEX SYMPATHETIC DYSTROPHY,N
530.81,REFLUX - GASTROESOPHAGEAL,N
593.7,REFLUX - VESICOURETERAL,N
367.9,REFRACTIVE ERROR,N
799.1,RESPIRATORY ARREST,N
632,RETAINED PRODUCT OF CONCEPTION,N
788.20,RETENTION - URINE,N
361.31,RETINAL HOLE,N
361.31,"RETINAL HOLE, LEFT",N
361.31,"RETINAL HOLE, RIGHT",N
363.15,RETINAL PIGMENT EPITHELIOPATHY,N
362.18,RETINAL VASCULITIS,N
363.20,RETINITIS,N
190.5,RETINOBLASTOMA (Congenital),N
362.10,RETINOPATHY,N
362.41,RETINOPATHY - CENTRAL SEROUS,N
728.88,RHABDOMYOLYSIS,N
398.0,RHEUMATIC MYOCARDITIS,N
729.0,RHEUMATISM / FIBROSITIS,N
714.0,RHEUMATOID ARTHRITIS,N
477.9,RHINITIS - ALLERGIC,N
472.0,"RHINITIS, CHRONIC",N
079.3,RHINOVIRUS INFECTION,N
275.3,RICKETS,N
695.3,ROSACEA ,N
057.8,ROSEOLA INFANTUM,N
056,RUBELLA,N
V01.4,RUBELLA CONTACT,N
727.67,RUPTURE - ACHILLES TENDON,N
727.68,RUPTURE - ANKLE / FOOT TENDON,N
871.2,RUPTURE - EYE ,N
727.63,RUPTURE - HAND / WRIST TENDON,N
727.60,RUPTURE - TENDON (NONSPECIFIED),N
599.84,RUPTURE - URETHRA,N
720.2,SACROILIITIS,N
614.2,SALPINGITIS,N
133.0,SCABIES,N
724.3,SCIATICA,N
379.0,SCLERITIS / EPISLERITIS,N
737.30,"SCOLIOSIS, IDIOPATHIC",N
706.3,SEBORRHEA,N
345.9,SEIZURE DISORDER,N
E959,SELF-INFLICTED INJURY,N
389.1,SENSORINEURAL HEARING LOSS,N
038.9,SEPSIS / SEPTICEMIA,N
785.5,SHOCK - WITHOUT TRAUMA,N
786.05,SHORTNESS OF BREATH,N
710.2,SICCA SYNDROME,N
461,SINUSITIS or ACUTE SINUSITIS,N
473,"SINUSITIS, CHRONIC",N
701.9,SKIN TAG,N
455.9,SKIN TAG - ANUS / RECTUM,N
780.57,SLEEP APNOEA,N
780.50,SLEEP DISTURBANCE,N
V41.5,SMELL & TASTE PROBLEMS,N
784.99,SNEEZING,N
564.6,SPASM - ANUS,N
530.5,SPASM - ESOPHAGUS,N
478.75,SPASM - LARYNGEAL,N
728.85,SPASM - MUSCLE = CRAMP,N
537.81,SPASM - PYLORUS,N
333.83,SPASMODIC TORTICOLLIS,N
564.1,SPASTIC COLON,N
608.1,SPERMATOCELE,N
741.90,SPINA BIFIDA,N
741.00,SPINA BIFIDA WITH HYDROCEPHALUS,N
336.9,SPINAL CORD COMPRESSION,N
289.59,SPLENITIS,N
789.2,SPLENOMEGALY,N
720.9,SPONDYLITIS,N
720.0,SPONDYLITIS - ANKYLOSING,N
738.4,SPONDYLOLISTHESIS,N
721.90,SPONDYLOSIS,N
721.0,SPONDYLOSIS - CERVICAL,N
721.91,SPONDYLOSIS WITH MYELOPATHY,N
845.0,SPRAIN - ANKLE,N
840,SPRAIN - ARM ,N
847.9,SPRAIN - BACK,N
841,SPRAIN - ELBOW / FOREARM,N
845.1,SPRAIN - FOOT,N
842.1,SPRAIN - HAND,N
843,SPRAIN - HIP / THIGH,N
844,SPRAIN - KNEE / LEG,N
847.2,SPRAIN - LUMBAR ,N
847.0,SPRAIN - NECK,N
840,SPRAIN - SHOULDER,N
845.13,SPRAIN - TOE,N
842.0,SPRAIN - WRIST,N
848.9,"SPRAIN(LIGAMENT,MUSCLE,TENDON)",N
726.91,SPUR - BONE / EXOSTOSIS,N
726.73,SPUR - CALCANEAL,N
747.22,STENOSIS - AORTIC,N
519.19,STENOSIS - BRONCHUS / TRACHEA,N
622.4,STENOSIS - CERVICAL,N
537.0,STENOSIS - HYPERTROPHIC PYLORIC,N
478.74,STENOSIS - LARYNX,N
394.0,STENOSIS - MITRAL VALVE,N
724.02,"STENOSIS - SPINAL, LUMBAR",N
724.01,"STENOSIS - SPINAL, THORACIC",N
V25.2,STERILIZATION - LAPAROSCOPIC,N
719.50,STIFFNESS - JOINT,N
528.0,STOMATITIS / MUCOSITIS,N
574.5,STONE - BILE DUCT,N
594.1,STONE - BLADDER,N
574.5,STONE - HEPATIC DUCT,N
592.0,STONE - KIDNEY,N
592.0,"STONE - KIDNEY, LEFT",N
592.0,"STONE - KIDNEY, RIGHT",N
577.8,STONE - PANCREA,N
527.5,STONE - SALIVARY DUCT,N
474.8,STONE - TONSIL,N
592.1,STONE - URETER,N
592.1,"STONE - URETER, LEFT",N
592.1,"STONE - URETER, RIGHT",N
594.2,STONE - URETHRA,N
592.9,STONE - URINARY,N
378.9,STRABISMUS / SQUINT,N
378.9,"STRABISMUS / SQUINT, RIGHT",N
378.9,"STRABISMUS/SQUINT, LEFT",N
481,STREPTOCOCCUS PNEUMONIAE PNEUMONIA,N
308.9,STRESS,N
625.6,STRESS INCONTINENCE - FEMALE,N
799.8,STRICTURE,N
569.2,STRICTURE - ANAL SPHINCTER,N
447.1,STRICTURE - ARTERY,N
530.3,STRICTURE - ESOPHAGUS,N
598,STRICTURE - URETHRA,N
786.1,STRIDOR / HASH SOUND IN BREATHING,N
436,STROKE,N
379.33,SUBLUXATION OF LENS,N
692.71,SUNBURN,N
910.7,"SUPERFICIAL FOREIGN BODY (SPLINTER) OF FACE, NECK, AND SCALP",N
520.1,SUPERNUMERARY TEETH,N
464.5,"SUPRAGLOTTIS, ACUTE",N
379.92,SWELLING - EYE,N
729.81,SWELLING - LIMB,N
729.81,SWELLING - LIMB,N
780.2,SYNCOPE / COLLAPSE / VASOVAGAL ATTACK,N
780.2,SYNCOPE / COLLAPSE / VASOVAGAL ATTACK,N
375.15,SYNDROME - DRY EYE,N
569.89,SYNDROME - SPLENIC FLEXURE,N
364.70,SYNECHIA - IRIS,N
727.00,SYNOVITIS / TENOSYNOVITIS,N
727.00,SYNOVITIS / TENOSYNOVITIS,N
727.06,SYNOVITIS / TENOSYNOVITIS - FOOT & ANKLE,N
336.0,SYRINGOMYELIA,N
785.0,TACHYCARDIA,N
123.3,TAENIA,N
355.5,TARSAL TUNNEL SYNDROME,N
V74.1,TB SCREENING,N
520.6,TEETH - IMPACTED,N
520.7,TEETHING SYNDROME,N
448.1,TELANGIECTASIA,N
704.02,TELOGEN EFFLUVIUM,N
726.90,TENDINITIS / CAPSULITIS,N
726.32,TENNIS / GOLFERS' ELBOW,N
307.81,TENSION HEADACHE,N
220,"TERATOMA, MATURE & CYSTIC",N
779.6,TERMINATION OF PREGNANCY,N
257,TESTICULAR DYSFUNCTION,N
037,TETANUS,N
742.59,TETHERED CORD SYNDROME,N
282.4,THALASSANEMIA,N
V57.9,THERAPY,N
366.53,THICKENING - POSTERIOR CAPSULE,N
640.0,THREATENED ABORTION,N
287.1,THROMBOCYTASTHENIA,N
238.71,THROMBOCYTHEMIA,N
287.5,THROMBOCYTOPENIA,N
451.9,THROMBOPHLEBITIS,N
362.30,THROMBOSIS - RETINAL,N
453.9,THROMBOSIS - VEIN,N
376.21,THROTOXIC EXOPHTHALMOS,N
112.0,THRUSH,N
648.1,THYROID DYSFUNCTION IN PREGNANCY,N
246.2,THYROID NODULE,N
245,THYROIDITIS,N
242,THYROTOXICOSIS / GRAVES' DISEASE,N
307.2,TICS,N
605,TIGHT FORESKIN,N
110.0,TINEA - BARBAE/CAPITIS (scalp & beard),N
110.9,TINEA - CORPORIS/CORPUS,N
110.3,TINEA - CRURIS (groin & perianal area),N
110.4,TINEA - PEDIS (Athlete's foot),N
110.1,TINEA - UNGUIUM (nail) / Onychomycosis,N
111.0,TINEA - VERSICOLOR (scalp & beard),N
110.9,TINEA / RINGWORM,N
388.3,TINNITUS,N
378.55,TOLOSA-HUNT SYNDROME,N
750.0,TONGUE TIE,N
474.0,"TONSILLITIS / ADENOIDITIS , CHRONIC ",N
463,"TONSILLITIS, ACUTE",N
T11,TOOTH #11,N
T12,TOOTH #12,N
T13,TOOTH #13,N
T14,TOOTH #14,N
T15,TOOTH #15,N
T16,TOOTH #16,N
T16.3,TOOTH #16 3RD ROOT,N
T16.4,TOOTH #16 4TH ROOT,N
T17,TOOTH #17,N
T17.3,TOOTH #17 3RD ROOT,N
T17.4,TOOTH #17 4TH ROOT,N
T18,TOOTH #18,N
T18.3,TOOTH #18 3RD ROOT,N
T18.4,TOOTH #18 4TH ROOT,N
T21,TOOTH #21,N
T22,TOOTH #22,N
T23,TOOTH #23,N
T24,TOOTH #24,N
T25,TOOTH #25,N
T26,TOOTH #26,N
T26.3,TOOTH #26 3RD ROOT,N
T26.4,TOOTH #26 4TH ROOT,N
T27,TOOTH #27,N
T27.3,TOOTH #27 3RD ROOT,N
T27.4,TOOTH #27 4TH ROOT,N
T28,TOOTH #28,N
T28.3,TOOTH #28 3RD ROOT,N
T28.4,TOOTH #28 4TH ROOT,N
T31,TOOTH #31,N
T32,TOOTH #32,N
T33,TOOTH #33,N
T34,TOOTH #34,N
T35,TOOTH #35,N
T36,TOOTH #36,N
T36.3,TOOTH #36 3RD ROOT,N
T37,TOOTH #37,N
T37.3,TOOTH #37 3RD ROOT,N
T38,TOOTH #38,N
T38.3,TOOTH #38 3RD ROOT,N
T41,TOOTH #41,N
T42,TOOTH #42,N
T43,TOOTH #43,N
T44,TOOTH #44,N
T45,TOOTH #45,N
T46,TOOTH #46,N
T46.3,TOOTH #46 3RD ROOT,N
T47,TOOTH #47,N
T47.3,TOOTH #47 3RD ROOT,N
T48,TOOTH #48,N
T48.3,TOOTH #48 3RD ROOT,N
T51,TOOTH #51,N
T52,TOOTH #52,N
T53,TOOTH #53,N
T54,TOOTH #54,N
T55,TOOTH #55,N
T61,TOOTH #61,N
T62,TOOTH #62,N
T63,TOOTH #63,N
T64,TOOTH #64,N
T65,TOOTH #65,N
T71,TOOTH #71,N
T72,TOOTH #72,N
T73,TOOTH #73,N
T74,TOOTH #74,N
T75,TOOTH #75,N
T81,TOOTH #81,N
T82,TOOTH #82,N
T83,TOOTH #83,N
T84,TOOTH #84,N
T85,TOOTH #85,N
525.9,TOOTHACHE,N
836.2,TORN MENISCUS,N
836.2,"TORN MENISCUS, LEFT",N
836.2,"TORN MENISCUS, RIGHT",N
608.2,TORSION OF TESTIS,N
723.5,TORTICOLLIS / WRY NECK,N
980,TOXIC EFFECT - ALCOHOL,N
986,TOXIC EFFECT - CARBON MONOXIDE,N
977.9,TOXIC EFFECT - DRUG,N
987.9,TOXIC EFFECT - GAS / FUME / VAPOR,N
984,TOXIC EFFECT - LEAD,N
985.0,TOXIC EFFECT - MERCURY,N
242.3,TOXIC NODULAR GOITER,N
040.82,TOXIC SHOCK SYNDROME,N
464.1,"TRACHEITIS, ACUTE",N
076,TRACHOMA,N
435.9,TRANSIENT CEREBRAL ISCHEMIA,N
435.9,TRANSIENT CEREBRAL ISCHEMIA,N
437.7,TRANSIENT GLOBAL AMNESIA (TAG),N
388.02,TRANSIENT ISCHEMIC DEAFNESS,N
709.09,TRAUMATIC TATTOO,N
V65.4,TRAVEL ADVICE,N
781.0,TREMOR,N
374.05,TRICHIASIS - EYELID,N
312.39,TRICHOTILLOMANIA,N
727.03,TRIGGER FINGER,N
595.3,TRIGONITIS,N
011.9,TUBERCULOSIS,N
017.2,TUBERCULOSIS - CERVICAL LYMPH NODE,N
015,TUBERCULOSIS - JOINT,N
016.0,TUBERCULOSIS - KIDNEY,N
016.3,TUBERCULOSIS - URINARY TRACT,N
569.41,ULCER - ANUS & RECTUM,N
519.19,ULCER - BRONCHUS / TRACHEA,N
370.0,ULCER - CORNEA,N
370.0,"ULCER - CORNEA, LEFT",N
370.0,"ULCER - CORNEA, RIGHT",N
532,ULCER - DUODENAL,N
530.2,ULCER - ESOPHAGUS,N
531,ULCER - GASTRIC,N
534,ULCER - GASTROJEJUNAL,N
569.82,ULCER - INTESTINE,N
707.1,ULCER - LOWER LIMBS,N
528.9,ULCER - ORAL,N
533,ULCER - PEPTIC,N
707.9,ULCER - SKIN,N
529.0,ULCER - TONGUE,N
532.4,ULCER BLEEDING - DUODENAL,N
530.21,ULCER BLEEDING - ESOPHAGUS,N
531.4,ULCER BLEEDING - GASTRIC,N
534.4,ULCER BLEEDING - GASTROJEJUNAL,N
533.4,ULCER BLEEDING - PEPTIC,N
616.5,ULCERATION - VULVA,N
780.09,"UNCONSCIOUSNESS, DROWSINESS",N
752.51,UNDESCENDED TESTIS,N
799.9,"UNSPECIFIED (CAUSE, DIAGNOSIS)",N
661.91,"UNSPECIFIED ABNORMALITY OF LABOR, DELIVERED",N
465,UPPER RESP TRACT INFECT,N
586,UREMIA,N
597,URETHRITIS,N
618.03,URETHROCELE,N
788.41,URINARY FREQUENCY / HYPERURESIS,N
599.0,URINARY TRACT INFECTION,N
708.0,URTICARIA - ALLERGIC,N
708.9,URTICARIA / HIVES,N
617.0,UTERINE - ADENOMYOSIS,N
219.9,UTERINE FIBROID,N
364.3,UVEITIS,N
V05,VACCINATION,N
V06,VACCINATION - CHILD,N
V05.3,"VACCINATION - HARVIX, HEP A",N
V03.81,VACCINATION - HIB,N
V04.81,VACCINATION - INFLUENZA,N
V03.7,VACCINATION - TETANUS TOXID,N
V05.3,"VACCINATION-TWINRIX, Hep A & B",N
616.10,VAGINITIS / VULVOVAGINITIS,N
052,VARICELLA,N
454,VARICOSE VEIN - LOWER LIMB,N
456.0,VARIX - ESOPHAGEAL WITH BLEEDING,N
456.1,VARIX - ESOPHAGUS,N
456.8,VARIX - OTHER SITES,N
456.4,VARIX - SCROTAL / VARICOCELE,N
456.3,VARIX - SUBLINGUAL,N
456.6,VARIX - VULVAL / PERINEUM,N
608.4,VASITIS,N
427.69,VENTRICULAR PREMATURE BEATS,N
745.4,VENTRICULAR SEPTAL DEFECT,N
427.1,VENTRICULAR TACHYCARDIA,N
435.1,VERTEBRAL ARTERY SYNDROME,N
386.11,VERTIGO - BENIGN PAROXYSMAL POSITIONAL,N
386.10,VERTIGO - PERIPHERAL,N
709.8,VESICULAR ERUPTION,N
608.0,VESICULITIS,N
386.12,VESTIBULAR NEURONITIS,N
386.30,VESTIBULITIS - EAR,N
478.1,VESTIBULITIS - NASAL,N
386.12,VESTIBULOPATHY,N
790.8,VIREMIA,N
368.9,VISUAL DISTURBANCE,N
369.9,VISUAL LOSS,N
709.01,VITILIGO,N
379.24,VITREOUS FLOATER,N
364.24,Vogt-Koyanagi-Harada disease; VKH disease,N
560.2,VOLVULUS - INTESTINE,N
273.3,Waldenstrom Macroglobulinemia,N
078.1,WART,N
078.11,WART - GENITAL,N
380.4,WAX IN EAR,N
380.4,"WAX IN EAR, LEFT",N
380.4,"WAX IN EAR, RIGHT",N
728.87,WEAKNESS - MUSCLE,N
783.1,WEIGHT GAIN (OBESITY),N
783.2,WEIGHT LOSS,N
259.8,WERNER'S SYNDROME,N
426.7,WOLFF PARKINSON WHITE SX / WPW,N
374.51,XAMTHELASMA - EYELID,N
272.2,XANTHELASMA,N
272.2,XANTHOMA,N
