RMK / EC Dr,QUALI,Code,DR NAME (ENG),DR NAME (CHN),QUALI,Add,I,REMARK
1,,10001,CHIU HON SHING,,,,,
,,10002,DAVID HENDERSON,,,,,
,,10003,CHIU SHUNG FUN,,,,,
,,10005,HOW PO WAH,,,,,MS JANICE
,,10006,SZE MEI LING AMY,,,,,
,,10007,LAM WAI SUN,,DENTAL,,,
EC,,10008,YU WING KIT,,,,,
EC,,10009,HERBALIST,,,,,
,,10010,CHINESE HERBALIST,,,,,
,,10011,BONSETTER,???,GYNAE,,,
,,10014,CHAN CHUN YIN,,PHYSIO,,,
,,10015,BONESETTER,,PHYSIO,,,
,,10020,CHINESE HERBLIST,,PHYSIO,,,
,,10023,LEUNG KWOK KEI PHILIP,,PHYSIO,,,IN DR. CHAN KA WAH'S CLINIC
,,10024,TANG MAN CHUN SCOTT,,CHIRO,,,
,,10025,YAU YUNG SANG,,DENTAL,,,
,,10026,WONG SAU MAN,,,,,
,,10027,LEE KA LOK,,PHYSIO,,,
,,10028,CHIU CHI FAI BILLY,,PHYSIO,,,
,,10029,YUEN PAK CHUEN,??????,DENTAL,,,
,,10030,TAN T P JOSHUA,,,,,
,,10032,NGAN YUEN FAT,??????????????),,"Shop No.3, G/F Tin On House,78-96 Shek Yam Road,Kwai Chung",,
EC,,10033,PHP,??,SURG,,,
,FAMILY MED,10034,ALEXANDER KW AU YEUNG,AI DAWN ??? ,,,,
,,10035,ALEXANDER K W AU YEUNG,,,,,
,,10036,1700,???,,,,
,,10038,MA HING LING GRACE,,,,,
,,10039,TANG TAK SING,???,SP IN MEDICINE,,,
,,10042,WONG Y. M. JAMES,???????????,PHYSIOTHERAPY CENTRE ,"G/F., 118F ARGYLE STREET, MONGKOK",,
,,10045,TSOI YAT SANG,,PHYSIO,,,
,,10047,YU HONG MEDICAL CENTRE,,,,,
,,10048,TUET ON SANG,,DENTAL,,,
,,10049,LI SHING YAN,,,,,
,,10050,TSE MEI KUEN,,PHYSIO,,,
,,10051,MOK TSE CHI ARCHIO,,,,,
,,10052,LAM HOW MO IGNATIUS,,,,,
,,10061,WONG KWOK KEE,,physio,,,
,,10062,MAK TAK WAH,??????,PHYSIO,,,
,,10063,CGENG S. T. GARY,,,,,
,,10064,PANG CHI SHING,,PAED,,,
,,10065,CHANG Y. L. ALAN,,PHYSIO,,,
,,10066,FANG H* S* FRANK,,DENTAL,,,
,,10068,LUK Y. H. DANNIS,,CHIRO,,,
,,10069,WONG YUEN PING,,,,,
,,10071,TANG SHUN CHEUNG,??????,GENERAL PRACTITIONER ,"G.60 NGA TSIN WAI ROAD, KOWLOON CITY, KOWLOON.",,
,,10073,HONG KONG FAMILY MEDICINE PRACTICE,??????,GENERAL PRACTITIONER ,"A6, 1-7 NAM ON STREET, SHAU KEI WAN, HONG KONG.",,
,,10077,LUI Y. H. DANNIS,,,,,
,,10081,CHOW IP WANG,,,,,
,,10085,LEE HON KWAN,, Anaesthesiology,,,
,,10086,YU KIN CHAP,????????,PHYSIOTHERAPY CENTRE ,"ROOM 912, 9/F., MELBOURNE PLAZA, 33 QUEEN'S ROAD CENTRAL, HONG KONG",,
,,10087,LAM CHUEN LUNG,,,,,
,,10088,TO WAI HUNG,,,,,WONG K L PHYSIO
,,10092,POON WOON FAI,???,,,,
,,10093,TSOI YAT SANG ERNEST,,,,,
,,10094,CHUNG KING KEUNG,,,,,
,,10095,MO KIT WAH,,MBBS,,,
,,10096,CHAN L K ANNA,,,,,MBBS (DEL FR 1/2/95)
,,10097,HSU YAU QUE,???,ORTH,,,
,,10099,HANG SENG MEDICAL PRACTICE,???,OBSTETRICS & GYNAECOLOGY ,"SUITE 2113, 21/F, EAST POINT CENTRE,555 HENNESSY ROAD, CAUSEWAY BAY",,
,,10100,CHIU W RICHARD,???,GENERAL PRACTITIONER ,"G/F SHOP 65 HARMONY GARDEN9 SIU SAI WAN ROAD, SIU SAI WANCHAI WAN, HONG KONG",,
,,10102,BONE,???,,,,
,,10104,HUI LINDA,???,ORTH,,,
,,10110,CHUNG WAI MING,,psychiatry,,,
,,10114,1544,,,,,
,,10115,DAVID W.C. TSANG,,,,,
,,10123,LAM KI YU BEN,,ORTH,,,PHYSIO=6191 TSANG SHIRLEY
,,10127,LI PO SHAN JOHN,,MBBS,,,
,,10129,WONG TRACY,,,,,
,,10130,KWOK SHUK KAM LOUISA,,derm,,,
EC,,10132,CHOY SI HO,???,,,,
,,10134,KEEN HEALTH PHYSIOTHERAPY CENTRE,,,,,
,,10135,KEEN HEALTH PHSIOTHERAPY CENTRE,,CARDIO,,,
,,10136,HAU WAI KONG FADDY,,,,,
,,10141,LAU CHUNG MAN,??? ,GENERAL PRACTITIONER,"RM 401-2 YUEN LONG COMMERCIAL CENTRE, 18-24 KAU YUK ROAD",,
,,10142,CHOI SI HUNG,,,,,
,,10148,CHAN SUEN HO MARK,,DENTAL,,,
,,10151,PRO-ED INTEGRATED THERAPY CENTRE,???? ,GENERAL PRACTITIONER,"G/F, 30 TAI TSUN STREET",,
,,10152,WONG WAI MAN,AU YEUNG K. W. ALEXANDER ????,GENERAL PRACTITIONER ,"SHOP G6-AB, COMM. COMPLEX, OI MAN ESTATE, HO MAN TIN",,
,,10153,ST' PAUL,,DENTAL,,,
,,10154,SHAM FUNG TING CONNIE,,,,,
,,10157,YAU SEE YUN JOYCE,,,,,
,,10158,WU LAI SEUNG,,,,,
,,10159,YEUNG CHI YEUN,,PHYSIOTHERAPY,,,
,,10160,LEE KUEN PHYLLIS,???? ,GENERAL PRACTITIONER,"SHOP ONE, G/F, YEUNG ON BUILDING, 50-54 SHAUKEIWAN ROAD",,
,,10161,WONG CHAU PING,,DO,,,#NAME?
,,10162,TSE CHEONG YAU IVAN,???? ,PAEDIATRICS,"ROOM 1301, 13/F, EAST POINT CENTRE, 555 HENNESSY ROAD, (CAUSEWAY BAY MTR STATION EXIT D2)",,
,,10179,MAN KWOK FAI,,PHYSIO,,,
,,10181,CHOW POK YU,,PHYSIO,,,
,,10182,DR. YUEN & ASSOCIATES,,,,,
,,10188,HMMP,,,,,
,,10191,LO KWOK WING,,,,,
,,10205,LAU CHI HO,????????,,,,
,,10209,BENJAMIN C.F. SIU,,,,,
,,10218,MICHAEL L.W. YUNG,???,SURGERY,"ROOM 930, ONE GRAND TOWER, 639 NATHAN ROAD, KOWLOON",,
,,10236,CHIU WING RICHARD,???,,,,
Dup,,10239,NG S H RAY,,,,,
Dup,,10240,CHOI WING KIN,,,,,
Dup,,10242,DENTIST,,PHYSIO,,,
Dup,,10243,HK HEALTH CHECK,,,,,
,,10244,ZHU G. JENNY,,PHYSIOTHERAPIST,,,
,,10245,CHAN PAK TO,,,,,
,,10246,KONG CHUN TAT,,,,,
,,10250,POON KA YIN,,PHYSIOTHERAPIST,,,
,,10255,KUM CHI CHIU LEO,,,,,
,,10256,YEUNG PO KWAN,,PHYSIOTHERAPY DEPARTMENT,,,
,,10257,YEUNG KA CHEUNG,,DO,,,
,,10258,LO BAK CHOM,,ENDODONTIST,,,
,,10259,WONG ELIZABETH,,FAMILY MED,,,
,,10260,TANG AMBER,,DENTAL,,,
,,10261,LEUNG Y. K. ANDY,,,,,
,,10263,SIU C. F. BENJAMIN,,PHYSIO,,,
,,10265,HAU WAI KONG,,PHYSIO,,,
,,10267,CHUNG CHUN PONG,,,,,
,,10269,TONG JONATHAN,,,,,
,,10270,TSUI CHUNG WAN,,PHYSIOTHERAPY,,,
,,10271,AU C. L. SIMON,,,,,
,,10278,LAU CHI HO JOHN,??(??)????,GENERAL PRACTITIONER,"EST. DOS CAVALEIROS, CONCORDIA SQUARE, R/C, LOJA J",,
,,10281,SHOY SI HO,???,OBSTETRICS & GYNAECOLOGY,"ROOM 1825-1827, ARGYLE CENTRE PHASE 1,688 NATHAN ROAD, MONGKOK",,
,,10286,MA JOSEPH,,,,,
,,10287,LUK JOSEPH,,PHYSIO,,,
,,10295,KWOK LEUNG HUNG,,DENTAL,,,
,,10296,FAN HUNG BUN,???????,DENTAL,,,
,,10297,HA,,DENTAL,,,
,,10304,CHAN SIO PAN,,DENTAL,,,
,PAED,10307,CHEUNG WAI YIN EDDIE,,paed,,,
,,10308,CHU SAI MAN SIMON,,,,,
,,10309,5000,???,OPHTHALMOLOGIST,,,
,,10310,LAM SHUN TAT RAYSON,,DENTAL,,,
,,10314,YU SHAN CAROL,???,,,,
,,10317,WONG WAI KWOK JIMMY,,DENTAL,,,
,,10322,NGAI YIU HING WILLIAM,???,DENTAL,,,
,,10324,TANG KING WUN RICKY,,,,,
,,10326,MOK Y.M. MAY,,,,,
,,10327,HUI NING TAT,,,,,
,,10328,LEE ARTHUR,???,FHKAM (O&G),,,
,,10329,PEI Y S ANN,???,,,,
,,10330,CHINESE ACUPUNTURE,,,,,
,,10332,CHAN CHI WANG,,HAEMOLOGY,,,
,,10333,WONG SHEK WAI,,,,,
,,10335,WONG CHI KWAN,??? ,GENERAL PRACTITIONER,"RM 2001, 20/F HIP KWAN COMMERCIAL BUILDING, 38 PITT STREET(MTR: YAUMATEI STATION, EXIT A1)",,
,,10339,WONG NGAR SHUN,,,,,
,,10340,CHAN YUK WAH,,,,,
,,10341,DAVID K. Y. LAM,,PAED,,,
,,10342,LUK YIU WING,??? ,GENERAL PRACTITIONER,"RM 722-723 NAN FUNG CENTRE, 264-298 CASTLE PEAK ROAD (TSUEN WAN MTR STATION EXIT A)",,
,,10344,JUNE S. H. CHAN,,,,,
,ORTHO,10347,HO KING YIP ANTHONY,???,ORTH,,,PHYSIO=6202
,,10348,KO CHUN YU,???,GENERAL PRACTITIONER ,"SHOP 205-206, REGAL AIRPORT HOTEL",,
,,10350,WONG SAI SIONG,???,OPHTHALMOLOGY ,"ROOM 1313B, ARGYLE CENTRE, PHASE I,688 NATHAN ROAD, MONGKOK.",,
,,10352,PAUL NG,,,,,
,,10353,DANIEL L. T. YUNG,,EMERGENCY MEDICINE,,,
,DENTAL,10354,HO YIU WAH,,DENTAL,,,
,,10355,TSUI KIN PING,,DPD,,,
,PAED,10356,FRANCIS YU,???,,,,
,,10364,LEUNG WING SUM,??? ,GENERAL PRACTITIONER,"SHOP E, G/F, EIB TOWER, 4-6 MORRISON HILL ROAD",,
,,10371,CALVIN W K CHEUNG,,,,,
