<?xml version="1.0" encoding="utf-8" ?>
<Config>
<System Name="EB" Tabname="Clinical">
    <Field Name="PHNO">
		<Validate ValCond="Blank" ValCondValue="" ValCondMessage="Please enter the Policy Number"/>
		<Validate ValCond="Numeric" ValCondValue="Input" ValCondMessage="Please enter a valid Policy Number"/>
		<Validate ValCond="Length(Max)" ValCondValue="8" ValCondMessage="Please enter a valid Policy Number"/>
	</Field>
	<Field Name="CERTNO">
		<Validate ValCond="Blank" ValCondValue="" ValCondMessage="Please enter the Certificate Number"/>
		<Validate ValCond="SpeAlphanumeric" ValCondValue="input" ValCondMessage="Please enter a valid Certificate Number"/>
		<Validate ValCond="Length(Max)" ValCondValue="7" ValCondMessage="Please enter a valid Certificate Number"/>
	</Field>
	<Field Name="PNAME">
		<Validate ValCond="Blank" ValCondValue="" ValCondMessage="Please enter the Patient Name"/>
		<Validate ValCond="SpeAlphabets" ValCondValue="Input" ValCondMessage="Please enter a valid Patient Name"/>
	</Field>
	<Field Name="MNO">
		<Validate ValCond="Length(Max)" ValCondValue="8" ValCondMessage="Please enter a valid Membership Number"/>
		<Validate ValCond="Numeric" ValCondValue="Input" ValCondMessage="Please enter a valid Membership Number"/>
	</Field>
	<Field Name="DEPNO">
		<Validate ValCond="Blank" ValCondValue="" ValCondMessage="Please enter the Dependent Number"/>
		<Validate ValCond="Numeric" ValCondValue="input" ValCondMessage="Please enter a valid Dependent Number"/>
		<Validate ValCond="Length(Max)" ValCondValue="2" ValCondMessage="Please enter a valid Dependent Number"/>
	</Field>
	<Field Name="DOC">
		<Validate ValCond="Blank" ValCondValue="" ValCondMessage="Please enter the Incurred Date"/>
		<Validate ValCond="Length(Max)" ValCondValue="8" ValCondMessage="Please enter a valid Incurred Date"/>
		<Validate ValCond="Date" ValCondValue="input" ValCondMessage="Please enter a valid Incurred Date"/>
		<Validate ValCond=">" ValCondValue="Now" ValCondMessage="Please enter a valid Incurred Date"/>
	</Field>
	<Field Name="DOR">
		<Validate ValCond="Blank" ValCondValue="" ValCondMessage="Please enter the Date of Receipt"/>
		<Validate ValCond="Date" ValCondValue="input" ValCondMessage="Please enter a valid Date of Receipt"/>
		<Validate ValCond="Length(Max)" ValCondValue="8" ValCondMessage="Please enter a valid Date of Receipt"/>
		<Validate ValCond=">" ValCondValue="Now" ValCondMessage="Please enter a valid Incurred Date"/>
	 	<Validate ValCond="&lt;" ValCondValue="DOC" ValCondMessage="Please enter a valid Date of Receipt"/>
	</Field>
	<Field Name="Amount1"> 
		<Validate ValCond="Blank" ValCondValue="" ValCondMessage="Please Enter the amount to be claimed"/>
		<Validate ValCond="Numeric" ValCondValue="Input" ValCondMessage="Enter a valid amount to be claimed"/>
		<Validate ValCond="Value(Max)" ValCondValue="9999.99" ValCondMessage="Claim amount should be under 9999.99"/>
	</Field>
	<Field Name="Amount2">
		<Validate ValCond="Blank" ValCondValue="" ValCondMessage="Please Enter the amount to be claimed"/>		
		<Validate ValCond="Numeric" ValCondValue="Input" ValCondMessage="Enter a valid amount to be claimed"/>
		<Validate ValCond="Value(Max)" ValCondValue="9999.99" ValCondMessage="Claim amount should be under 9999.99"/>
	</Field>
	<Field Name="Amount3">
		<Validate ValCond="Blank" ValCondValue="" ValCondMessage="Please Enter the amount to be claimed"/>		
		<Validate ValCond="Numeric" ValCondValue="Input" ValCondMessage="Enter a valid amount to be claimed"/>
		<Validate ValCond="Value(Max)" ValCondValue="9999.99" ValCondMessage="Claim amount should be under 9999.99"/>
	</Field>
	<Field Name="Amount4">
		<Validate ValCond="Blank" ValCondValue="" ValCondMessage="Please Enter the amount to be claimed"/>		
		<Validate ValCond="Numeric" ValCondValue="Input" ValCondMessage="Enter a valid amount to be claimed"/>
		<Validate ValCond="Value(Max)" ValCondValue="9999.99" ValCondMessage="Claim amount should be under 9999.99"/>
	</Field>
	<Field Name="Amount5">
		<Validate ValCond="Blank" ValCondValue="" ValCondMessage="Please Enter the amount to be claimed"/>	
		<Validate ValCond="Numeric" ValCondValue="Input" ValCondMessage="Enter a valid amount to be claimed"/>
		<Validate ValCond="Value(Max)" ValCondValue="9999.99" ValCondMessage="Claim amount should be under 9999.99"/>
	</Field>
	<Field Name="DIAG">
		<Validate ValCond="Blank" ValCondValue="" ValCondMessage="Please select the Diagnosis Description"/>
	</Field>
	<Field Name="DIAG_CODE">
	</Field>
	<Field Name="DR">
		<Validate ValCond="Blank" ValCondValue="" ValCondMessage="Please select the Doctor Name"/>
	</Field>
	<Field Name="DR_CODE">
	</Field>
	<Field Name="METHOD">
	</Field>
	<Field Name="PAYTO">
	</Field>
	<Field Name="CCY">
		<Validate ValCond="Length(Max)" ValCondValue="3" ValCondMessage="Please enter a valid Country Code"/>
		<Validate ValCond="Alphabets" ValCondValue="Input" ValCondMessage="Please enter a valid Country Code"/>
	</Field>
	<Field Name="Rate">
		<Validate ValCond="Numeric" ValCondValue="Input" ValCondMessage="Please enter a valid Rate"/>
		<Validate ValCond="Decimal" ValCondValue="4" ValCondMessage="Please enter a valid Rate"/>
		
	</Field>
	<Field Name="RMK1">
		<Validate ValCond="Alphanumeric" ValCondValue="Input" ValCondMessage="Please enter the valid Remark"/>
		<Validate ValCond="Length(Max)" ValCondValue="4" ValCondMessage="Please enter the valid Remark"/>
	</Field>
	<Field Name="RMK2">
		<Validate ValCond="Alphanumeric" ValCondValue="Input" ValCondMessage="Please enter the valid Remark"/>
		<Validate ValCond="Length(Max)" ValCondValue="4" ValCondMessage="Please enter the valid Remark"/>
	</Field>
	<Field Name="RMK3">
		<Validate ValCond="Alphanumeric" ValCondValue="Input" ValCondMessage="Please enter the valid Remark"/>
		<Validate ValCond="Length(Max)" ValCondValue="4" ValCondMessage="Please enter the valid Remark"/>
	</Field>
	<Field Name="RMK4">
		<Validate ValCond="Alphanumeric" ValCondValue="Input" ValCondMessage="Please enter the valid Remark"/>
		<Validate ValCond="Length(Max)" ValCondValue="4" ValCondMessage="Please enter the valid Remark"/>
	</Field>
</System>
 </Config>