<?xml version="1.0" encoding="utf-8" ?>
<Config>
	<Code ID="1544">
		<Consult_Type Name="General Practitioner">GOVOUT</Consult_Type>
		<Consult_Type Name="Bonesetter">GOVOUT</Consult_Type>
		<Consult_Type Name="Chinese Herbalist">GOVOUT</Consult_Type>
		<Consult_Type Name="SP">GOVSPV</Consult_Type>
		<Consult_Type Name="Physio">GOVP/C</Consult_Type>
	</Code>

  <Benefit Policy="102888">
    <Consultation Name="Chinese Herbalist">WELL</Consultation>
    <Consultation Name="Bonesetter">WELL</Consultation>
  </Benefit>
  <Benefit Policy="102890">
    <Consultation Name="Chinese Herbalist">WELL</Consultation>
    <Consultation Name="Bonesetter">WELL</Consultation>
  </Benefit>
  <Benefit Policy="102889">
    <Consultation Name="Chinese Herbalist">WELL</Consultation>
    <Consultation Name="Bonesetter">WELL</Consultation>
  </Benefit>


  <!--Added by Shruti Sharma on 9Feb  Scenario -32-->
  <CON_NAME Policy="100045">
    <Consultation Name="Chiropractor">SP</Consultation>
  </CON_NAME>
  <CON_NAME Policy="100046">
    <Consultation Name="Chiropractor">SP</Consultation>
  </CON_NAME>
  <CON_NAME Policy="100047">
    <Consultation Name="Chiropractor">SP</Consultation>
  </CON_NAME>
  <CON_NAME Policy="100048">
    <Consultation Name="Chiropractor">SP</Consultation>
  </CON_NAME>
  <CON_NAME Policy="100049">
    <Consultation Name="Chiropractor">SP</Consultation>
  </CON_NAME>
  <CON_NAME Policy="100050">
    <Consultation Name="Chiropractor">SP</Consultation>
  </CON_NAME>
  <CON_NAME Policy="100051">
    <Consultation Name="Chiropractor">SP</Consultation>
  </CON_NAME>
  <!--End-->

  <Error Name="MAX DAY COUNTS EXCEEDED, PRESS &lt;F10&gt; TO BYPASS">
      <Consultation Name="General Practitioner" Remark="6P" Status="R">POUT</Consultation>
      <Consultation Name="SP" Remark="6B" Status="R">PVOUT</Consultation>
      <Consultation Name="Chinese Herbalist" Remark="6P" Status="">HEROUT</Consultation>
      <Consultation Name="Bonesetter" Remark="6P" Status="R">HEROUT</Consultation>
       <Consultation Name="Physio" Remark="6P" Status="R">PHYOUT</Consultation>
    </Error>
    <Error Name="MAX DAY COUNTS EXCEEDED">
      <Consultation Name="General Practitioner" Remark="6P" Status="R">POUT</Consultation>
      <Consultation Name="SP" Remark="6B" Status="R">PVOUT</Consultation>
      <Consultation Name="Chinese Herbalist" Remark="6P" Status="R">HEROUT</Consultation>
      <Consultation Name="Bonesetter" Remark="6P" Status="R">HEROUT</Consultation>
      <Consultation Name="Physio" Remark="6P" Status="R">PHYOUT</Consultation>
    </Error>
</Config>