<?xml version="1.0" encoding="utf-8" ?>
<Config>
	<System Name="EB">
		<Screen Name="GP30004">
			<Fields>DR,DIAG,STAT,RMK,DOR,AMOUNT</Fields>
			<XYCOR>15 74,16 7,16 21,16 42,19 19</XYCOR>
      <FieldLen>5,8,1,4,9</FieldLen>
			<Flow>1 @E,9 @E,1 @E,1 @E</Flow>
      <Back_Home>@1,@1,@1,@1,90,@E</Back_Home>
    </Screen>
		<Screen Name="FMRATH">
			<Fields>Currency,EffDate</Fields>
			<XYCOR>5 8,5 22</XYCOR>
			<FieldLen>3,8</FieldLen>
			<Flow>1 @E,9 @E,52 @E,1 @E</Flow>
      <Back_Home>@1,@1,@1,@1,@1</Back_Home>
		</Screen>
	</System>
</Config>