<?xml version="1.0" encoding="utf-8" ?>
<Config>
	<Code ID="1544">
		<Consult_Type Name="General Practitioner">GOVOUT</Consult_Type>
		<Consult_Type Name="Bonesetter">GOVOUT</Consult_Type>
		<Consult_Type Name="Chinese Herbalist">GOVOUT</Consult_Type>
		<Consult_Type Name="SP">GOVSPV</Consult_Type>
		<Consult_Type Name="Physio">GOVP/C</Consult_Type>
	</Code>

  <Benefit Policy="102888">
    <Consultation Name="Chinese Herbalist">WELL</Consultation>
    <Consultation Name="Bonesetter">WELL</Consultation>
  </Benefit>
  <Benefit Policy="102890">
    <Consultation Name="Chinese Herbalist">WELL</Consultation>
    <Consultation Name="Bonesetter">WELL</Consultation>
  </Benefit>
  <Benefit Policy="102889">
    <Consultation Name="Chinese Herbalist">WELL</Consultation>
    <Consultation Name="Bonesetter">WELL</Consultation>
  </Benefit>

    <Error Name="MAX DAY COUNTS EXCEEDED, PRESS &lt;F10&gt; TO BYPASS">
      <Consultation Name="General Practitioner" Remark="" Status="">POUT</Consultation>
      <Consultation Name="SP" Remark="6B" Status="">PVOUT</Consultation>
      <Consultation Name="Chinese Herbalist" Remark="" Status="">HEROUT</Consultation>
      <Consultation Name="Bonesetter" Remark="" Status="">HEROUT</Consultation>
    </Error>
    <Error Name="MAX DAY COUNTS EXCEEDED">
      <Consultation Name="General Practitioner" Remark="" Status="">POUT</Consultation>
      <Consultation Name="SP" Remark="6B" Status="">PVOUT</Consultation>
      <Consultation Name="Chinese Herbalist" Remark="" Status="">HEROUT</Consultation>
      <Consultation Name="Bonesetter" Remark="" Status="">HEROUT</Consultation>
    </Error>
</Config>