DIAGNOSIS CODE,DESCRIPTION,Fall in exceptional report
R10.4,"ABDOMINAL COLIC, PAIN",N
L02,"ABSCESS, LUMP, CYST, WART, MASS, NODULE, LIPOMA",N
D24,"BREAST TUMOR/LUMP, FIBROADENOMA",N
J20,BRONCHITIS,N
H26.9,CATARACT,N
J06,COMMON COLD/CORYZA/INFLUENZA/UPPER RESPIRATORY TRACT INFECTION (URTI)                                    ,N
H10,CONJUNCTIVITIS,N
L20,"DERMATITIS (ALLERGIC, CONTACT, NEURO)",N
N92.0,DYSFUNCTIONAL UTERINE BLEEDING/MENORRHAGIA,N
H60,"EAR INFECTION, OTALGIA",N
L23,ECZEMA,N
A09.9,GASTROENTERITIS,N
E14,GLYCOSURIA/DIABETES MELLITUS,N
I84,"HAEMORRHOID, PILES, P.R. BLEEDING",N
E78.5,"HYPERLIPIDEMIA, HYPERTRIGLYCERIDEMIA",N
I10,HYPERTENSION (HT) / HIGH BLOOD PRESSION (HBP),N
M54.5,LOW BACK PAIN/LUMBAGO,N
M62.6,MUSCULAR STRAIN/FROZEN SHOULDER,N
M54.2,NECK PAIN,N
N83.2,OVARIAN CYST/UTERINE FIBROIDS,N
J02.9,PHARYNGITIS/HERPANGINA,N
J31.0,RHINITIS,N
N39.0,URINARY TRACT INFECTION,N
R50.9,Fever; Pyrexia; Febrility,N
R60.9,Oedema,Y
R51,Headache; Cephalgia,N
R11,Vomiting; Nausea,N
R05,Cough; Pertussis,N
R31,Haematuria,N
R04.2,Hemoptysis,N
R00.2,Palpitation,N
A41.9,Viraemia,N
F48.0,Depression; Neurosis; Neurasthenia; Insomnia,Y
T78.4,Allergy,N
E66,Obesity (R14),Y
R63.4,Weight Loss,Y
R53.1,Weakness of Limb,N
R20.2,Distubance of Skin Sensations Numbness; Paraesthesia; Tingling,N
R17,Jaundice,Y
R23.0,Cyanosis,Y
R06.0,Dyspnoea; Shortness of Breath,N
R06.6,Hiccough,N
R13,Dysphagia; Difficulty in Swallowing,N
R53,Malaise; Tired; Fatigue; Amyasthenia; Lethargy,Y
R25.1,Tremor,N
R63.2,Polyphagia (R14),Y
R13,Dysphasia; Slurred speech,Y
R40.2,Loss of Consciousness; Coma & Stupor,N
E30.0,Delayed Puberty,Y
R63.3,Diaetary Advice; Feeding problem,Y
F41.9,Anxiety,N
R55,Vertigo; Dizziness; Syncope; Giddiness,N
R25.2,Spasm; Cramps,N
R94.3,Abnormal ECG,Y
R94.5,Abnormal Live Function Test,Y
R71,Abnormal Red Blood Cells; White Blood Cells; ESR,Y
Z13.4,Developmental ; Educational Assessment (R14),Y
E30.1,Precocious Puberty (R14),Y
F90,Activity Difficiency Hyperactivity Disorder (ADHD),Y
J06,Common Cold; Coryza; Influenza; Upper Respiratory Tract Infection (URTI; URI),N
J31.0,Rhinitis; Vasomotor Rhinitis (VMR),N
J02.9,Pharyngitis; Herpangina,N
J03,Tonsillitis; Quinsy,N
J00,Nasopharyngitis,N
J18.0,Bronchopneumonia,N
J18.9,Pneumonia,N
J20,Bronchitis (Acute/ Chronic); Bronchiolitis,N
J45.9,Asthmatic Bronchitis; Bronchial Asthma,N
A15,Pulmonary Tuberculosis (PTB/TB),N
J45.0,Allergic Asthma,N
J90,Pleural Effusion; Pleurisy,N
J04.1,Tracheitis; Croup,N
J98.01,Bronchiospasm,N
J93,Pneumothorax,N
J44.9,Chronic Obstructive Airway Disease (COAD),N
G47.3,Sleep Apnea Syndrome (OSA),N
J43,Emphysema,N
J39.3,Allergic Airway,N
J47,Bronchiectasis,N
K04.7,Alveolar Abscess,N
J18.9,Chest Infection,N
J18.9,Severe Acute Respiratory Syndrome (SARS); Atypical Pneumonia,N
I20.9,Chest Pain; Intercostal Chest Pain; Precardial Pain; Angina Pectoris,N
I95,Hypotension; Low Blood Pressure,N
I50,Heart Failure,Y
I21.9,Myocardial Infraction,N
R57.9,Shock,N
I10,Hypertension (HT); High Blood Pression (HBP),N
I51.4,Myocarditis,N
I30.1,Pericarditis,N
I38,Endocarditis,N
I09.9,Rheumatic Heart Disease (RHD),N
I47,Tachycardia; Ventricular Tachycardia; Cardiac Arrhythmia; Ventricular Ectopics,N
I83,Varicose Veins (Lower Limbs),N
I24.9,Ischaemic; Coronary Heart Disease (IHD),N
R01.1,Heart Murmur,Y
I34.1,Mitral Valve Reguitation; Mitral Valve Prolapse (MVP); Stenosis,N
R55,Vasovagal Attack,N
I27.9,Pulmonary Heart Disease,N
I00,Rheumatic Fever,N
I64,Cerebral Haemorrhage; Cerebral Vascular Attack (CVA); Stroke,N
I70,Atheroslerosis,Y
I82.9,Arterial Embolism; Deep Venous Thrombosis (DVT); Thrombosis,N
Q21.0,Ventricular Septal Defect (VSD) (R4),Y
I72.9,Aneurysm,Y
I45.9,Heart Block,Y
G45.9,Transient Cerebral Ischaemia,Y
I86,Varicose Veins of Other Sites; Varicocele,Y
D18.0,Haemangioma,Y
I73.0,Raynaud's Syndrome,Y
I78.8,Telangiectasia ,Y
Q27.30,Arteriovenous Malformation (AVM) (R4),Y
R19.7,Diarrhoea,N
A09.9,Gastroenteritis (GE),N
K26,Duodenal Ulcer (DU),N
K25,Gastric Ulcer (GU); Peptic Ulcer ,N
R10.1,Epigastric Pain,N
K27.0,Bleeding Ulcer; G.I.Bleeding; Melaena; Haematemesis,N
K27.1,Perforated Ulcer,N
K31.8,Gastric Hyperacidity,N
K29.7,Gastritis; Stomach Ache; Gastralgia,N
A09,Colitis,N
K58,Irritable Bowel Syndrome (IBS),N
I84,Haemorrhoid; Piles; P.R.Bleeding; Rectal Bleeding,N
I84.1,Prolapse Haemorrhoid,N
K74.6,Cirrhosis; Chronic Liver Disease,N
A03.0,Dysentery,N
A02.0,Salmonella,N
A01.0,Typhoid,N
R10.4,"Abdominal Colic, Pain",N
K27,"Ulcer Syndrome, Pain",N
B77,Ascariasis; Pin Worm (Pediculus); Taemia,N
R14.3,Flatlence ,N
B83.9,Helminthiasis,N
K30,Dyspepsia; Indigestion,N
K56.6,Intestinal Obstruction,N
K59.0,Constipation,N
B88,Other Infestation,N
K80.2,Gall Stone,Y
K60.3,Fistula-In-Ano,N
K80,Cholelithiasis,Y
K81,Cholecystitis,Y
K35,Appendicitis,N
K40,Hernia,Y
K57,Diverticula of Intestine,Y
K65,Peritonitis,N
K75.0,Liver Abscess,Y
K85,Pancreatitis,N
K51.2,Proctitis colorectal polyp,Y
R16.1,Splenonegacy,Y
R16.0,Hepatomegaly Fatty Liver,Y
B80,Enterobiasis,Y
K60.2,Anal Fissure,Y
K21,Regurgitation; Gastroesopageal Reflux Disease (GERD) ,N
E14,Glycosuria; Diabetes Mellitus (DM),N
R40.2,Comatose; Satyriasis,Y
E04.9,"Thyroid Adenoma; Tumor, Nodule; Goitre",Y
E16.2,Hypoglycaemia; Insulin Coma,Y
E05.9,Thyrotoxicosis; Graves' Disease; Hyperthyroidism,N
E03.9,Hypothyroidism; Thyroid Deficiency,N
E78.5,"Hyperlipidaemia, Hyperlipidemia",N
C95.9,Leukocytosis; Leukaemia,N
E21.3,Hyperparathyroidism,Y
E20,Hypo-Parathyroidism; Parathyroiditis,Y
E06,Thyroiditis,N
E28.0,Hyperoestrogeism,Y
E34.9,Hormonal Imbalance; Hormone Replacement Therapy (HRT),N
D69.6,Thrombocytopenia; Bleeding Tendency,N
M32,Systemic Lupus Erythematosus (SLE),N
R77.9,Hyperproteinemia,N
D64.9,Anaemia,N
D69,Purpura,N
E78.0,Hypercholestrolaemia,N
C75.1,Pituitary Gland Tumour,Y
E24,cushing's syndrome,N
C90.0,Myeloma,N
D45,Polycythaemia,N
C85.9,Lymphoma,N
G70.0,Myasthenia Gravis ,Y
E27.9,Adrenal Mass,Y
N92.0,Dysfunctional Uterine Bleeding (DUB) ; Menorrhagia,N
N72,Cervicitis; Cervical Erosion; Cervical Polyp,N
N76.0,Vaginitis; Vulvitis; Pruritus Vulvae; Vaginal Discharge,N
N97.0,Anovulatary Menstral Cycle (R4),Y
N76.2,Vestibulitis,N
B37,Moniliasis; Candidiasis,N
N94.6,Dysmenorrhoea; Menses Pain; Premenstrual Tension,N
N89.8,Leukorrhoea,N
N91.2,Amenorrhoea; Climacteric Symptoms; Menopause; Menopausal,N
Z30,Contraception (R4) ,Y
N80,Endometriosis; Adenomyosis,N
N61,Mastitis; Mastalgia; Papilloma,N
N97,Infertility (R4),Y
N83.2,Ovarian Cyst; Uterine Fibroid,N
D24,"Breast Tumor, Lump; Fibroadenoma",N
N73,Pelvic Infection (PID),N
N91.5,Oligomenorrhea; Hypomenorhoea,N
N92.6,Irregular Period; Menstrual Disorder,N
N70.91,Salpingitis; Oophoritis,N
N81,Genital Prolapse,N
N75.0,Bartholian Cyst ,N
R87.61,Cervical Intraepithalial Neoplasic (CIN); Atypial Squamous Cells Cerical Uterus Sym. (ASCUS); Abnormal Pap Smar,N
N93.0,"Anbnormal Bleeding, Postcoital Bleeding",N
N92.6,Hyperprolactinemia ; Intermenstrual Bleeding,N
N30,Cystitis,N
N39.0,Urinary Tract Infection (UTI),N
N00,Nephritis,N
N10,Pyelonephritis,N
N34.1,Urethritis,N
N20.1,Renal Stone; Ureteric Stone,N
R30.0,Dysuria;Polyuria; Frequency,N
N06,Nephroptosis (Nephroptosis; Oedema; Albuminur; Proteinuria; Low Plasma Albumn),N
N13.3,Hydronephrosis,Y
N21.1,Bladder; Urethral Stone,N
N35,Urethral Stricture,Y
N19,Renal Failure,Y
M54.5,Loin Pain,N
N04,Nphrotic Syndrome,N
N13.7,Vesico-Ureteric Reflux,Y
R33,Retention of Urine; Incontinence; Enuresis,N
H60,Otitis Externa (Pinna; External Auditory Canal),N
H66.9,Otitis Media (CSOM),N
H83.0,Labyrinthitis,N
H71,Cholesteatoma,N
R09.8,"Post-Nasal Discharge, Dripping",N
J04,Laryngitis; Laryngoracheitis,N
J01,Sinusitis; Ethmoiditis,N
J30.4,Nasal Allergy; Nasal Mucosal Inflammation,N
R07.0,Throat Infection; Sore Throat; Voice Hoarseness,N
H60,Ear Infection; Ear Wax; Otalgia; Cerumen,N
H68.1,Eustachian Tube Obstruction; Dysfunction,N
R04.0,Epistaxia; Nose Bleeding,N
H81.0,Meniere's Disease,N
H80,Otosclerosis,N
H93.1,Tinnitus,N
J38.2,Vocal Nodule,N
H72,Perforation of Tympanic Membrane (Ear Drum),N
H91.9,Deafness; Hearing Loss,N
C11,Nasopharyngeal Carcinoma (NPC),N
H70.9,Mastoiditis,N
H73.0,Myringitis; Tympnitis,N
T17,Foreign Body In E.N.T.,N
J33,Nasal Polyp,N
J34.2,Deviation Nasal Septum,N
H81.2,Vestibular Neuronitis,N
L20,"Dermatitis (Allergic, Contact, Neuro)",N
L23,Eczema,N
L50,Urticaria,N
H00,Hordeolum,N
L02,Carbuncle; Boil; Furuncle; Furunculosis;Corn,N
L03.0,Paronychia; Onychia Lateralis; Onychomycosis; Ingrowing Toe-Nail (IGN/IGTN); Nail Dystrophy,N
L03,Cellulitis,N
L40,Psoriasis,N
L02,Abscess; Lump; Cyst; Wart; Mass; Nodule; Lipoma,N
B35,Fungal; Fungus Infection,N
L63,Scalp Infection; Dandruff; Alopecia Areata; Lose Hair,N
L08.9,Toe Infection; Dactylitis,N
W57,Insect/mosquito bite,N
B00.1,Herpes Labialis; Lip Infection; Cheilitis; Cold Sore,N
B00,Herpes Simplex; Hand-Foot-Mouth Disease,N
B02,Herpes Zoster; Shingles,N
L93.0,Discoid Lupus Erythematosus; Erythematous Condition; Steven Johnson Syndrome (SJS),N
L01,Impetigo,N
L29,Prupitus; Prurigo,N
L43,Lichen,N
L57.0,Leukoplakia; Leukokeratosis; Vitiligo; Hyperkeratosis; Keratoma; Cutaneous Horn; Callosity,N
L70.0,Acne; Comedo,N
L73.9,Folliculitis,N
L71,Rosacea,N
L42,Tinea Infection; Pityriasis,N
R21,Rash,N
L05,Pilondial Cyst,N
Q82.5,Naevi; Mole; Birth Mark; Striae,N
L91.0,Keloid,N
L98.4,Ulcerative Skin,N
L08.9,Finger Infection,N
B07,Verruce,N
D03,Melanoma ,Y
L98.9,Skin Lesion,N
L81.4,Lentigo (R25),Y
L81,Inflammatory Hyperpigmention,N
R61,Pompholyx; Dyshidrosis,N
M54.3,Sciatica; Ischialgia,N
M10,Hyperuricaemia;Gout,N
M75.4,Painful Arc Syndrome; TMJ Syndrome,N
M54.5,Low Back Pain (LBP); Lumbago,N
M19.9,Arthritis; Arthralgia; Osteo-Arthritis (O.A.),N
M79.2,Neuritis; Neuralgia; Radiculitis,N
M60,Myofibrositis; Myositis; Myalgia,N
M54.2,Neck Pain; Torticollis; Cervical Spondylosis; Radicylitis,N
M62.6,Muscular Strain; Frozen Shoulder,N
S33.1,Prolapse Lumbar Disc; Lumbar Spine Subluxation,N
M94.8,Chondritis; Chondromalacia; Tendinitis; Fascitis; Periositis; QuervainS Disease,N
M79.0,Rheumatism,N
M06.9,Rheumatoid Arthritis (RA),N
M53.3,Coccydria,N
M45,Ankylosing Spondylitis,N
M81.9,Osteoporosis,N
M67.4,Ganglion,N
M22.8,Knee Pain,N
M35.2,BehcetS Syndrome,N
M25.53,Wrist Pain,N
M20,Genu Valgum; Hallus Valgus; Deformities of Toe,N
M65,Synovitis; Tenosynovitis,N
M71.5,Bursitis,N
M79.7,Fibrositis,N
M25.57,Ankle Pain,N
M79.67,Foot Pain,N
M77.1,Tennis Elbow,N
M21.4,Flat Foot,N
M25.7,Exostosis,N
M50,Detoriation of Cervicen,N
M94.0,Tietzes Disease,N
M41,Scoliosis,N
B06,Genman Measles,N
B05,Measles; Rubella,N
B01,Chicken Pox (Varicella); Hives,N
B26,Mumps; Epidemic Parotitis,N
B17.9,Hepatitis,N
L04,Viral Adenitis; Lymphadenitis; Cervical Adenitis; Cervical Glands; Kawaski Disease; Lymph Node (LN),N
B54,Malaria,N
A80,Poliomyelitis,N
A00,Cholera,N
A74.9,Chlamydial Infection,N
A53.9,Syphilis,N
A54,Gonococcal Infections,N
A64,Other Venereal Disease;HIV,N
A05.9,Food Poisoning,N
A41.9,Septicaemia (Septicemia),N
B34.9,Viral Infection,N
A49.9,Bacterial Infection; Streptococcal or Staphylococcal Infection,N
A08.0,Rotavirus Infection ,N
A90,Dengue Fever ,N
T14.1,Laceration & Abrasion; Injury; Wound; Intertrigo,N
S06.0,Concussion & contusion/head injury,N
T14.3,Sprained; Trauma; Bruise,N
T14.2,Fracture,N
T30.0,Scald; Burn,N
T14.3,Dislocation,N
W55,Animal Bite,N
T50.9,Drug Poisoning,N
T56.1,Mercury Poisoning,N
H44.1,Eye-Infection; Red Eye; Blepharitis,N
H00,Meibomian Cyst (Chalazion of Eyelid); Pinguecula; Hordeolum; Pterygium; Foreign Body; Stye,N
H10,Conjunctivitis,N
H11.3,Subconjunctival Haemorrhage,N
A71,Trachoma,N
H16,Keratitis; Corneal Ulcer; Keratoconus; Keratoconjunctivitis; Superficial Punctatte Keratitis (S.P.K.),N
H33,Detachment of Retina,N
H43.3,Muscae Volitantes; Myopsis; Vitreous Floater,N
H35.4,Retinal Degeneration,N
H52.1,Myopia (R4),Y
H52.2,Refractive Error; Astignatism; Hypermetropia; Anisometropia; Aniseikonia (R4),Y
H26.9,Cataract,N
H40,Glaucoma,N
H20,Iritis; Uveitis ; episcleritis,N
H53.0,Amblyopia (R4),Y
H52.4,Presbyopia (R4),Y
H54,Blindness; Loss Vision; Loss of Sight,N
H04.0,Acryoadenitis; Disorder of Lacrimal System ;Epiphora,N
H50.9,Strabismus; Squint; Ametropia; Esoptropia; Exoptropia (R4),Y
H53,Visual Disturbances; Asthenopia; Blurred Vision,N
H36.0,Diabetic Retinopathy,N
H02.0,Entropion and Trichiasis,N
H53.2,Diplopia,N
H35.6,Macular Bleeding; Haemorrhage,N
H11.1,Lithiasis,N
H35.9,Maculopathy,N
H05.2,Proptosis,N
H46,Optic Neuritis,N
H11.1,Pinguecula,N
H15.9,Scleral Pigmentation,N
H33.3,Retinal Hole,N
N48.1,Balanitis,N
N47,Long Prepuce; Phimosis (R4),Y
N40,Enlargement of Prostate; Fibroadenoma of Prostate; BPH (Benign Prostatic Hypertrophy),N
N41,Prostatitis,N
N43.3,Hydrocele,N
N45,Orchitis and Epididymitis; Testicular Pain;Testitis,N
N46,Oligospermia; Azoospermia; Infertility ,Y
N43.4,Spermatocele,Y
N49.0,Vesiculitis; Seminal Vestculitis,N
R36,Haemospermia,N
N52,Erectile Dysfunction,Y
N62,Gynecomastia,N
K12,Stomatitis; Oral Infection; Thrust; Behcet Syndrome,N
K14.0,Glossitis,N
K13.7,Aphthous Ulcer,N
K05.0,Gingivitis; Periodontitis,N
K20,Oesophagitis,N
Q36,Harelip,N
K11.9,Disease of Salivary Gland,N
C08,Mandibular; Submandibula Gland Tumour,N
M27.8,Disease of Jawbones,N
Q38.1,Tongue Tied,Y
G91,Hydrocephalus; Encephalitis; Myelitis; Encephalomyelitis,Y
G40,Epilepsy,Y
G03.9,Meningitis,Y
G30,Cerebral Degeneration; Dementia,Y
G20,Parkinsons Disease,Y
G62.9,Neuropathy,Y
C71,Cerebral Palsy; Brain Tumor,Y
G43,Migraine,N
G50.0,Trigeminal Neuralgia,N
G51.0,Facial Nerve Disorder; Bells Palsy,N
G56.0,Carpal Tunnel Syndrome (CTS),N
D33.3,Acoustic Neuroma,Y
G04.8,Ventriculitis,Y
G37.9,Demyelinating Disease,Y
M62.5,Muscle Atrophy,Y
F20,Schizoghrenia,Y
G93.0,Cerebella Cyst,Y
C75.1,Piturtary Tumor,Y
G61.0,Guillain Barre Syndrome ,Y
R10,"ABDOMINAL COLIC, PAIN",N
D24,"BREAST TUMOR/LUMP, FIBROADENOMA",N
J40,BRONCHITIS,N
H26.9,CATARACT,N
J06.0,COMMON COLD/CORYZA/INFLUENZA/UPPER RESPIRATORY TRACT INFECTION (URTI)                                    ,N
H10,CONJUNCTIVITIS,N
L25,"DERMATITIS (ALLERGIC, CONTACT, NEURO)",N
N93.8,DYSFUNCTIONAL UTERINE BLEEDING/MENORRHAGIA,N
H92.0,"EAR INFECTION, OTALGIA",N
L25,ECZEMA,N
A09,GASTROENTERITIS,N
E14,GLYCOSURIA/DIABETES MELLITUS,N
I84,"HAEMORRHOID, PILES, P.R. BLEEDING",N
E78.5,"HYPERLIPIDEMIA, HYPERTRIGLYCERIDEMIA",N
I10,HYPERTENSION (HT) / HIGH BLOOD PRESSION (HBP),N
M54.5,LOW BACK PAIN/LUMBAGO,N
M75.0,MUSCULAR STRAIN/FROZEN SHOULDER,N
M54.2,NECK PAIN,N
J02,PHARYNGITIS/HERPANGINA,N
J30,RHINITIS,N
N39.0,URINARY TRACT INFECTION,N
R09.8,ABNORMAL CHEST SOUNDS,N
R69,"ABNORMAL FINDING, CLINICAL",N
R26,ABNORMAL GAIT,N
R25,ABNORMAL INVOLUNATRY MOVEMENT,N
R29.3,ABNORMAL POSTURE,N
R09.3,ABNORMAL SPUTUM,N
T07,ABRASION,N
K61,ABSCESS - ANAL / RECTAL,N
K61,ABSCESS - ANAL / RECTAL,N
O91.1,"ABSCESS - BREAST, CHILDBIRTH",N
M65.0,ABSCESS - BURSA / TENDON,N
H00.03,ABSCESS - EYELID,N
K63.0,ABSCESS - INTESTINE,N
K75.0,ABSCESS - LIVER,N
J85.2,ABSCESS - LUNG,N
J85.3,ABSCESS - MEDIASTINUM,N
N48.2,ABSCESS - PENIS,N
K04.7,ABSCESS - PERIAPICAL / DENTAL,N
J36,ABSCESS - PERIAPICAL / DENTAL,N
J39.2,ABSCESS - PHARYNX / NASOPHARYNX,N
K11.2,ABSCESS - SALIVARY GLAND,N
N34.0,ABSCESS - URETHRAL,N
N76.4,ABSCESS - VULVAL,N
K22.0,ACHALASIA - CARDIO (GI JUNCTION),N
E87.2,ACIDOSIS,N
L70.9,ACNE / BLACKHEAD,N
E22.0,ACROMEGALY AND GIGANTISM,N
Z76,ACUPUNCTURE,N
N85.6,ADHESION OF UTERUS,N
E27.9,ADRENAL HYPOFUNCTION,N
H26.4,AFTER CATARACT,N
F10.2,ALCOHOL DEPENDENCE SYNDROME,N
E87.3,ALKALOSIS,N
T78.4,ALLERGY ,N
T88.7,ALLERGY - DRUG,N
T78.1,ALLERGY - FOOD,N
L63.9,ALOPECIA - AREATA,N
L65.9,ALOPECIA / BALDNESS / LOSS OF HAIR,N
H53.0,AMBLYOPIA / POOR SIGHT,N
N91.2,AMENORRHEA,N
S58,"AMPUTATION - ARM / HAND, TRAUMATIC",N
S68.119,"AMPUTATION - FINGER, TRAUMATIC",N
S88,"AMPUTATION - LEG, TRAUMATIC",N
E85,AMYLOIDOSIS,N
T78.2,ANAPHYLAXIS,N
Q64.0,ANASPADIAS,N
D64.9,ANEMIA,N
D61.9,ANEMIA - APLASTIC,N
D58,ANEMIA - HEMOLYTIC ,N
D50,ANEMIA - IRON DEFICIENCY,N
D46.4,ANEMIA - REFRACTORY,N
I72.9,ANEURYSM ,N
I72.4,ANEURYSM - ARTERY OF LOWER LIMBS,N
I72.1,ANEURYSM - ARTERY OF UPPER LIMBS,N
I67.1,ANEURYSM - CEREBRAL,N
I25.4,ANEURYSM - CORONARY VESSELS,N
I72.3,ANEURYSM - ILIAC ARTERY,N
I72.2,ANEURYSM - RENAL ARTERY,N
I20,ANGINA PECTORIS,N
K55.2,ANGIODYSPLASIA - INTESTINE,N
T78.3,ANGIOEDEMA,N
K03.5,ANKYLOSIS - DENTAL,N
R63.0,ANOREXIA,N
F50.0,ANOREXIA NERVOSA,N
O46.9,ANTEPARTUM HEMORRHAGE,N
G12.2,ANTERIOR HORN CELL DISEASE,N
N85.4,ANTEVERSION / RETROVERSION - UTERUS,N
F41.9,ANXIETY,N
R47.0,APHASIA (caused by portion of brain damage),N
K35.3,APPENDICITIS WITH PERITONEAL ABSCESS,N
K35.2,APPENDICITIS WITH PERITONITIS,N
K35.2,"APPENDICITIS, ACUTE",N
K36,"APPENDICITIS, CHRONIC",N
I49.9,ARRHYTHMIA,N
I77.6,ARTERITIS,N
I70.9,"ARTEROSLEROSIS, UNSPECIFIED",N
M25.5,ARTHRALGIA / PAIN - JOINT,N
M13.87,ARTHRITIS - ANKLE / FOOT,N
M13.83,ARTHRITIS - FOREARM,N
M13.84,ARTHRITIS - HAND,N
M13.8,ARTHRITIS - INFECTIVE,N
M13.86,ARTHRITIS - LOWER LEG,N
M13.89,ARTHRITIS - MULTIPLE SITES,N
M13.85,ARTHRITIS - PELVIC / THIGH,N
M13.81,ARTHRITIS - SHOULDER,N
M13.82,ARTHRITIS - UPPER ARM,N
M13.8,ARTHRITIS / ATHROPATHY,N
M13.8,ARTHRITIS / ATHROPATHY,N
R18,ASCITES,N
M87.0,ASEPTIC NECROSIS - BONE,N
R86.9,ASTHENOSPERMIA ,N
J45,ASTHMA,N
J42,"ASTHMATIC BRONCHITIS, CHRONIC",N
H52.2,ASTIGMATISM,N
R06.8,ASYMMETRY - CHEST,N
R27.0,ATAXIA / MUSCULAR INCOORDINATION ,N
N89.5,ATRESIA - VAGINAL,N
I48,ATRIAL FIBRILLATION,N
I48,ATRIAL FLUTTER,N
I49.1,ATRIAL PREMATURE BEATS,N
H73.82,ATROPHIC NONFLACCID TYMPANIC MEMBRANE,N
N26,ATROPHY - KIDNEY,N
H47.2,ATROPHY - OPTIC,N
K11.0,ATROPHY - SALIVARY GLAND,N
N50.0,ATROPHY - TESTIS,N
R78.81,BACTEREMIA ,N
N48.1,BALANITIS / BALANOPOSTHITIS,N
T70,BAROTRAUMA,N
D35.0,BENIGN - ADRENAL GLAND,N
D16.0,BENIGN - ARM BONE,N
D30.3,BENIGN - BLADDER,N
D30.3,BENIGN - BLADDER,N
D16,BENIGN - BONE,N
D24,BENIGN - BREAST,N
D26.0,BENIGN - CERVIX,N
D12.6,BENIGN - COLON,N
D21.9,BENIGN - CONNECTIVE TISSUE,N
D13.9,BENIGN - DIGESTIVE,N
D23.2,BENIGN - EAR,N
D35.9,BENIGN - ENDOCRINE,N
D26.1,BENIGN - ENDOMETRIUM / MYOMETRIUM,N
D31,BENIGN - EYE,N
D28.9,BENIGN - FEMALE GENITAL,N
D16.3,BENIGN - FOOT / TOE BONE,N
D16.1,BENIGN - HAND / FINGER BONE,N
D15.1,BENIGN - HEART,N
D30.0,BENIGN - KIDNEY,N
D14.1,BENIGN - LARYNX,N
D24,BENIGN - LEFT BREAST,N
D23.2,BENIGN - LEFT EAR,N
D30.0,BENIGN - LEFT KIDNEY,N
D16.2,BENIGN - LEG BONE,N
D13.4,BENIGN - LIVER,N
D21.2,BENIGN - LOWER LIMB TENDON,N
D14.3,BENIGN - LUNG,N
D36.9,BENIGN - LYMPHATIC SYSTEM,N
D29.9,BENIGN - MALE GENITAL,N
D15.2,BENIGN - MEDIASTINAL,N
D15.2,BENIGN - MEDIASTINUM,N
D10.2,BENIGN - MOUTH,N
D10.6,BENIGN - NASOPHARGNX,N
D33.9,BENIGN - NERVOUS SYSTEM,N
D13.0,BENIGN - OESOPHAGUS,N
D27,BENIGN - OVARY,N
D13.6,BENIGN - PANCREAS,N
D11,BENIGN - PAROTID GLAND,N
D21.5,BENIGN - PELVIS,N
D29.1,BENIGN - PROSTATE,N
D12.8,BENIGN - RECTUM,N
D14.4,BENIGN - RESPIRATORY TRACT,N
D24,BENIGN - RIGHT BREAST,N
D23.2,BENIGN - RIGHT EAR,N
D30.0,BENIGN - RIGHT KIDNEY,N
D11,BENIGN - SALIVARY GLAND,N
D28.2,BENIGN - SALPINX,N
D29.4,BENIGN - SCROTUM,N
D23.9,BENIGN - SKIN,N
D13.3,BENIGN - SMALL INTESTINE,N
D33.4,BENIGN - SPINE,N
D13.9,BENIGN - SPLEEN,N
D13.1,BENIGN - STOMACH,N
D29.2,BENIGN - TESTIS,N
D15.0,BENIGN - THYMOMA,N
D34,BENIGN - THYROID GLAND,N
D10.1,BENIGN - TONGUE,N
D14.2,BENIGN - TRACHEA,N
D36.9,BENIGN - UNSPECIFIED SITE,N
D21.1,BENIGN - UPPER LIMB TENDON,N
D26.9,BENIGN - UTERUS,N
Q82.5,BIRTH MARK / STRAWBERRY NEVUS,N
P15.9,BIRTH TRAUMA,N
D69.9,BLEEDING - GUM,N
R04.0,BLEEDING - NOSE / EPISTAXIS,N
N95.0,BLEEDING - POST MENOPAUSAL,N
N93.9,BLEEDING - VAGINAL,N
H01.0,BLEPHARITIS,N
G24.5,BLEPHAROSPASM,N
O02.0,BLIGHTED OVUM,N
H54,BLINDNESS,N
T07,BLISTER,N
H04.5,BLOCKED TEAR DUCT,N
H04.5,"BLOCKED TEAR DUCT, LEFT",N
H04.5,"BLOCKED TEAR DUCT, RIGHT",N
H53.8,BLURRED VISION,N
M85.0,BONE - DYSPLASIA FIBROUS,N
R00.1,BRADYCARDIA,N
Q18.0,BRANCHIAL CLEFT SINUS / FISTULA,N
O32.1,BREECH DELIVERY,N
J47,BRONCHIECTASIS,N
J21,"BRONCHIOLITIS, ACUTE",N
J40,BRONCHITIS,N
J20,"BRONCHITIS, ACUTE",N
J81,BRONCHOEDEMA,N
J98.4,BRONCHOLITHIASIS,N
J18.0,BRONCHOPNEUMONIA,N
J98.01,BRONCHOSPASM,N
F50.2,BULIMIA NERVOSA,N
L13.9,BULLOUS DERMATOSES,N
L12.0,BULLOUS PEMPHIGOID,N
M20.1,BUNION (sign of hallux vaglus),N
T31.2,BURN - 3RD DEGREE OVER 20% BODY,N
T30.0,BURN - SKIN,N
M71.5,BURSITIS,N
M71.5,BURSITIS,N
M71.57,BURSITIS - ACHILLES,N
M71.52,BURSITIS - ELBOW / OLECRANON,N
M71.53,BURSITIS - HAND / WRIST,N
M71.55,BURSITIS - HIP,N
M71.56,BURSITIS - KNEE,N
J39.8,CALCIFICATION - BRONCHUS / TRACHEA,N
M25.8,CALCIFICATION - JOINT,N
H26.8,CALCIFICATION - LEN,N
J98.4,CALCIFICATION - LUNG,N
B37,CANDIDIASIS,N
L02,CARBUNCLE / FURUNCLE / BOIL,N
E34.0,CARCINOID SYNDROME,N
D04,CARCINOMA IN SITU - SKIN,N
I51.7,CARDIOMEGALY,N
I42,CARDIOMYOPATHY,N
I51.8,CARDITIS,N
G56.0,CARPAL TUNNEL SYNDROME,N
H26.9,CATARACT,N
H26.9,"CATARACT, LEFT",N
H26.9,"CATARACT, RIGHT",N
G56.4,CAUSALGIA,N
G57.7,CAUSALGIA - LOWER LIMB,N
G56.4,CAUSALGIA - UPPER LIMB,N
Q66.7,CAVUS FOOT,N
L03,CELLULITIS & ABSCESS,N
L03,CELLULITIS & ABSCESS,N
L03.3,CELLULITIS & ABSCESS - BUTTOCK,N
L03.2,CELLULITIS & ABSCESS - FACE,N
L03.0,CELLULITIS & ABSCESS - NAIL,N
L03.3,CELLULITIS & ABSCESS - TRUNK,N
I67.7,CEREBRAL ARTERITIS,N
G93.6,CEREBRAL EDEMA,N
I63.4,CEREBRAL EMBOLISM,N
I63,CEREBRAL INFARCTION,N
I63.3,CEREBRAL THROMBOSIS,N
O34.3,CERVICAL INCOMPETENCE IN PREGNANCY,N
N88.2,CERVICAL STENOSIS,N
N72,CERVICITIS / ENDOCERVICITIS,N
H00.1,CHALAZION / MAIBOMIAN CYST,N
R19.4,CHANGE IN BOWEL HABIT,N
K13.0,CHEILITIS,N
B01,CHICKEN POX,N
L81.8,CHLOASMA,N
C24.0,CHOLANGIOCARCINOMA,N
K83.0,CHOLANGITIS,N
K81,CHOLECYSTITIS,N
H71,CHOLESTEATOMA,N
H61.0,CHONDRITIS - PINNA,N
M93.9,CHONDRITIS / OSTEOCHONDRITIS,N
M94.2,CHONDROMALACIA,N
J44.9,CHRONIC AIRWAY DISEASE,N
J44.9,CHRONIC AIRWAY OBSTRUCTION,N
J44.9,CHRONIC OBSTRUCTIVE AIRWAY DIS,N
R82.0,CHYLURIA,N
K74.5,CIRRHOSIS - BILIARY,N
K74,CIRRHOSIS - LIVER,N
K70.3,CIRRHOSIS - LIVER BY ALCOHOLIC,N
M21.53,"CLAW FOOT, Acquired",N
M20.5,"CLAW TOE, Acquired",N
Q36,CLEFT LIP,N
Q35,CLEFT PALATE,N
D16.6,CLIVE CHORDOMA,N
B66.1,CLONORCHIASIS / INFECTION -LIVER,N
M21.54,"CLUB FOOT, Acquired",N
R68.3,CLUBBING - FINGERS,N
D68.9,COAGULATION DEFECTS,N
Q25.1,COARCTATION OF AORTA,N
R10.4,COLIC - BILIARY,N
R10,COLIC - INTESTINE,N
N23,COLIC - RENAL,N
K51,COLITIS - ULCERATIVE,N
K50.1,COLITIS (LARGE INTESTINE),N
J98.1,COLLAPSE - LUNG,N
H53.5,COLOR BLINDNESS,N
R40.2,COMA,N
D81,COMBINED IMMUNITY DEFICIENCY,N
G55,COMPRESSION - NERVE,N
S06.0,CONCUSSION,N
A63.0,CONDYLOMA ACCUMINATUM,N
Q28.9,CONGENITAL ANOMALY - CIRCULATORY SYSTEM,N
Q17.9,CONGENITAL ANOMALY - EAR,N
Q24.9,CONGENITAL ANOMALY - HEART,N
Q64.9,CONGENITAL ANOMALY - URINARY,N
Q38.4,CONGENITAL FISTULA - SALIVARY GLAND,N
Q89.9,CONGENTIAL ANOMALY,N
H11.12,CONJUCTIVAL CONCRETION,N
H10,CONJUNCTIVITIS,N
E26.01,CONN'S SYNDROME,N
K59.0,CONSTIPATION,N
S30.1,CONTUSION - ABDOMINAL WALL / GROIN,N
S30.0,CONTUSION - BACK,N
S06.33,CONTUSION - BRAIN,N
S20.0,CONTUSION - BREAST,N
S20.2,CONTUSION - CHEST WALL,N
S50.0,CONTUSION - ELBOW / FOREARM,N
S05.1,CONTUSION - EYE,N
S00.83,CONTUSION - FACE / NECK,N
S60.0,CONTUSION - FINGER,N
S90.3,CONTUSION - HEEL,N
S70.0,CONTUSION - HIP / THIGH,N
S80.1,CONTUSION - LOWER LEG,N
S00.83,CONTUSION - NOSE,N
S40.0,CONTUSION - SHOULDER / UPPERARM,N
T14,CONTUSION - SKIN,N
S90.1,CONTUSION - TOE / TOENAIL,N
S30.2,CONTUSION - VAGINA / VULVA,N
S60.2,CONTUSION - WRIST / HAND,N
R56,CONVULSION,N
R56.0,CONVULSION - FEBRILE,N
L84,CORN INFECTED,N
I25.1,CORONARY ARTERIOSCLEROSIS,N
I21,CORONARY ATTACK / HEART ATTACK,N
M94.0,COSTOCHONDRITIS,N
R05,COUGH,N
N64.0,CRACKED NIPPLE,N
R25.2,CRAMP - LIMB,N
Q75.0,CRANIOSTENOSIS,N
J05.0,CROUP,N
M34.1,CRST SYNDROME / SCLERODERMA,N
R23.4,CRUST / THICKENING OF SKIN,N
B45,CRYPTOCOCCOSIS,N
G56.2,CUBITAL TUNNEL SYNDROME,N
E24,CUSHING'S SYNDROME,N
R23.0,CYANOSIS,N
M71.2,CYST - BAKER'S / POPLITEAL SPACE,N
N75.0,CYST - BARTHOLIN'S GLAND,N
K83.5,CYST - BILE DUCT,N
M85.6,CYST - BONE,N
G54.0,CYST - BRANCHIAL SINUS,N
N60.0,CYST - BREAST,N
N60.0,"CYST - BREAST, LEFT",N
N60.0,"CYST - BREAST, RIGHT",N
G93.0,CYST - CEREBRAL / ARACHNOID,N
Q44.4,"CYST - CHOLEDOCHAL, CONGENITAL",N
K09.0,CYST - DENTIGEROUS,N
H02.82,CYST - EYELID,N
N83.8,CYST - FALLOPIAN TUBE,N
N90.8,CYST - FEMALE GENITAL SITE,N
M27.4,CYST - JAW,N
N28.1,CYST - KIDNEY,N
J38.7,CYST - LARYNGEAL,N
K13.0,CYST - LIP,N
N50.8,CYST - MALE GENITAL SITE,N
M27.4,CYST - MAXILLA,N
H00.1,CYST - MEIBOMIAN GLAND,N
K09.9,CYST - MOUTH,N
N83.2,CYST - OVARIAN,N
N83.2,"CYST - OVARIAN, LEFT",N
N83.2,"CYST - OVARIAN, RIGHT",N
K66.8,CYST - PERITONEAL,N
J39.2,CYST - PHARYNX / NASOPHARYNX,N
L05.9,CYST - PILONIDAL SINUS,N
Q18.1,CYST - PREAURICULAR SINUS,N
K04.8,CYST - RADICULAR / PERIODONTAL,N
L72,CYST - SEBACEOUS,N
M71.3,CYST - SYNOVIAL,N
Q89.2,CYST - THYROGLOSSAL,N
N93.9,CYST - VAGINAL,N
N30,CYSTITIS,N
N81.1,CYSTOCELE,N
N81.1,CYSTOURETHROCELE,N
H04.30,DACRYOCYSTITIS,N
G93.9,DAMAGE - BRAIN,N
H91.9,DEAFNESS,N
E63.9,DEFICIENCY,N
D84.9,"DEFICIENCY - IMMUNITY, UNSPECIFIED",N
Q72.2,DEFORMITY - ANKLE & FOOT,N
M95.9,DEFORMITY - BONE,N
M20.0,DEFORMITY - FINGER,N
Q71.1,DEFORMITY - FOREARM,N
Q65,DEFORMITY - HIP,N
M95.3,DEFORMITY - NECK,N
M95.0,DEFORMITY - NOSE,N
M43.9,DEFORMITY - SPINE,N
H35.3,DEGENEATION - MACULAR,N
G31.1,DEGENERATION - BRAIN,N
H44.5,DEGENERATION - EYE,N
H35.4,DEGENERATION - LATTICE,N
H35.4,"DEGENERATION - LATTICE, LEFT",N
H35.4,"DEGENERATION - LATTICE, RIGHT",N
H43.81,DEGENERATION - VITREOUS,N
M23.9,DEGENERATION / DERANGEMENT- KNEE,N
H15.9,DEGENERATIVE DISORDERS - SCLERA,N
E86.0,DEHYDRATION,N
E30.0,DELAYED PUBERTY,N
F03.9,DEMENTIAS,N
G36.0,DEMYELINATION - OPTICAL,N
K02,DENTAL CARIES,N
F32,DEPRESSION,N
L30.9,DERMATITIS,N
L20,DERMATITIS - ATOPIC,N
L25,DERMATITIS - CONTACT,N
H02.83,DERMATOCHALASIA,N
M33,DERMATOMYOSITIS,N
H33.2,DETACHMENT - RETINA,N
H33.2,"DETACHMENT - RETINA, LEFT",N
H33.2,"DETACHMENT - RETINA, RIGHT",N
J34.2,DEVIATED - NASAL SEPTUM,N
E23.2,DIABETES INSIPIDUS,N
E14,DIABETES MELLITUS,N
O24,DIABETES MELLITUS IN PREGNANCY,N
E16.2,DIABETIC HYPOGLYCEMIA,N
E11.6,DIABETIC KETOACIDOSIS,N
E11.4,DIABETIC NEUROLOGICAL PROBLEM,N
E11.3,DIABETIC OPHTHALMIC PROBLEM,N
L22,DIAPER RASH,N
R19.7,DIARRHEA,N
R26.2,DIFFICULTY IN WALKING,N
G83.0,DIPLEGIA - UPPER LIMB,N
H53.2,DIPLOPIA,N
H92.1,DISCHARGE - EAR,N
N64.52,DISCHARGE - NIPPLE,N
R36,DISCHARGE - URETHRAL,N
N89.8,DISCHARGE - VAGINAL,N
M21.7,DISCREPANCY - LEG LENGTH,N
N94.9,DISEASE -  FEMALE GENITAL ORGAN,N
E22.0,DISEASE - ADRENAL GLAND,N
D89.8,DISEASE - AUTOIMMUNE,N
K83.9,DISEASE - BILE DUCT,N
D75.9,DISEASE - BLOOD,N
M89.9,DISEASE - BONE / CARTILAGE,N
M89.9,DISEASE - BONE / CARTILAGE,N
I73.1,DISEASE - BUERGER'S ,N
I78,DISEASE - CAPILLARY,N
I67.9,DISEASE - CEREBROVASCULAR,N
M36,DISEASE - CONNECTIVE TISSUE,N
I51.9,DISEASE - CORONARY / HEART,N
A09,DISEASE - CROHN'S,N
M65.4,DISEASE - DE QUERVAIN,N
H93.9,DISEASE - EAR,N
E30.0,DISEASE - ENDOCRINE,N
H57.9,DISEASE - EYE,N
K82.9,DISEASE - GALLBLADDER,N
B08.4,"DISEASE - HAND,FOOT,MOUTH",N
M51.9,DISEASE - INTERVERTEBRAL DISC,N
K63.9,DISEASE - INTESTINAL,N
M30.3,DISEASE - KAWASAKI ,N
N28.9,DISEASE - KIDNEY,N
N28.9,DISEASE - KIDNEY LEFT,N
N28.9,DISEASE - KIDNEY RIGHT,N
K76.9,DISEASE - LIVER,N
K76.9,"DISEASE - LIVER, CHRONIC",N
J98.4,DISEASE - LUNG,N
I89,DISEASE - LYMPHATIC,N
N50.9,DISEASE - MALE GENITAL ORGAINS,N
M62.9,"DISEASE - MUSCLE, LIGAMENT & FASCIA",N
D46.9,DISEASE - MYELODYSPLASTIC,N
L60.9,DISEASE - NAIL,N
G96.9,DISEASE - NERVOUS SYSTEM,N
M92.5,DISEASE - OSGOOD SCHLATTER,N
M88,DISEASE - PAGET'S IN BONE,N
K86.9,DISEASE - PANCREA,N
E21.5,DISEASE - PARATHYROID GLAND,N
I31.9,DISEASE - PERICARDIUM,N
I73.0,DISEASE - RAYNAUD'S ,N
J98.9,DISEASE - RESPIRATORY,N
I09,DISEASE - RHEUMATIC HEART,N
L81.8,DISEASE - SCHAMBERG'S,N
L73.9,DISEASE - SEBACEOUS GLAND,N
L98.9,DISEASE - SKIN,N
M79.9,DISEASE - SOFT TISSUE,N
D73.9,DISEASE - SPLEEN,N
L74.9,DISEASE - SWEAT GLAND,N
E32,DISEASE - THYMUS GLAND,N
E07.9,DISEASE - THYROID GLAND,N
M94.0,DISEASE - TIETZE'S,N
N39.9,DISEASE - URINARY,N
A64,DISEASE - VENEREAL,N
K11.9,DISEASES OF SUBMANDIBULAR GLAND,N
M24.3,DISLOCATION,N
M24.32,DISLOCATION - ELBOW,N
S63.2,DISLOCATION - FINGER,N
M24.35,DISLOCATION - HIP,N
S03.0,DISLOCATION - JAW,N
M24.31,DISLOCATION - SHOULDER,N
M24.3,DISLOCATION - VERTEBRA,N
M24.33,DISLOCATION - WRIST,N
G52.8,DISORDER - ACCESSORY (11th) NERVE ,N
H93.3,DISORDER - ACOUSTIC NERVE ,N
F43.2,DISORDER - ADJUSTMENT,N
M25.87,DISORDER - ANKLE / FOOT JOINT,N
I35.9,DISORDER - AORTIC VALVE ,N
F90,DISORDER - ATTENTION DEFICIT ,N
F91.9,DISORDER - BEHAVIOURAL ,N
F31,DISORDER - BIPOLAR,N
G52.9,DISORDER - CRANIAL NERVE ,N
F22,DISORDER - DELUSIONAL ,N
H55,DISORDER - EYE MOVEMENTS,N
F50.8,"DISORDER - FEEDING, NONORGANIC ",N
M25.83,DISORDER - FOREARM JOINT,N
G52.1,DISORDER - GLOSSOPHARYNGEAL (9th) NERVE ,N
M25.84,DISORDER - HAND / FINGER JOINT,N
M25.85,DISORDER - HIP JOINT,N
G52.3,DISORDER - HYPOGLOSSAL (12th) NERVE ,N
M25.9,DISORDER - JOINT,N
M25.86,DISORDER - LOWER LEG JOINT,N
N95.9,DISORDER - MENOPAUSAL,N
N92.6,DISORDER - MENSTRUAL,N
E88.9,DISORDER - METABOLISM,N
I34,DISORDER - MITRAL VALVE ,N
F31,DISORDER - MOOD ,N
G25.9,DISORDER - MOVEMENT,N
G52.0,DISORDER - OLFACTORY (1st) NERVE ,N
H47.0,DISORDER - OPTICAL NERVE (6th) ,N
F54,DISORDER - PSYCHIATRIC,N
F29,DISORDER - PSYCHOTIC ,N
I37,DISORDER - PULMONARY VALVE ,N
F20,DISORDER - SCHIZOPHRENIC,N
M25.81,DISORDER - SHOULDER,N
F80,"DISORDER - SPEECH / LANGUAGE, DEVELOPMENTAL",N
K31.9,DISORDER - STOMACH,N
M26.6,DISORDER - TEMPOROMANDIBULAR JOINT,N
I36.9,DISORDER - TIRCUSPID VALVE ,N
M25.82,DISORDER - UPPER ARM JOINT,N
N85.9,DISORDER - UTERUS,N
I71.0,DISSECTION - AORTA,N
I25.4,DISSECTION - CORONARY ARTERY,N
R14.0,FLATULENCE,N
R14.0,DISTENTION - STOMACH,N
R43,DISTURBANCES - SMELL / TASTE,N
K57.3,DIVERTICULA - COLON,N
K57.1,DIVERTICULA - SMALL INTESTINE,N
K31.4,DIVERTICULUM - GASTRIC,N
N36.1,DIVERTICULUM - URETHRAL,N
R42,DIZZINESS / GIDDINESS,N
Q64.74,DOUBLE RETHRA,N
W74,FLATULENCE,N
R40.0,DROWSINESS,N
F19.1,DRUG DEPENDENCE,N
L86,"DRY SKIN = Keratoderma, acquired",N
R69,DUMMY DIAGNOSIS CODE,N
K29.8,DUODENITIS,N
Q51.2,DUPLEX / DOUBLE - UTERUS,N
M72.0,DUPUYTREN'S CONTRACTURE,N
E34.3,DWARFISM,N
A09,DYSENTERY,N
N31.9,DYSFUNCTION - BLADDER,N
H69.8,DYSFUNCTION - EUSTACHIAN TUBE,N
H69.8,"DYSFUNCTION - EUSTACHIAN TUBE,LT",N
H69.8,"DYSFUNCTION - EUSTACHIAN TUBE,RT",N
H83.2,DYSFUNCTION - LABYRINTHINE,N
N93.8,DYSFUNCTIONAL UTERINE BLEEDING (DUB),N
L30.1,DYSIDROSIS / POMPHOLYX,N
N94.6,DYSMENORRHEA,N
N94.1,DYSPAREUNIA,N
K30,DYSPEPSIA / HYPERACIDITY / INDIGESTION,N
R13,DYSPHAGIA,N
R47.0,DYSPHASIA,N
N87.9,DYSPLASIA - CERVIX,N
N87.0,"DYSPLASIA - CERVIX, MILD (CIN I)",N
N87.1,"DYSPLASIA - CERVIX, MODERATE (CIN II)",N
D37.1,DYSPLASIA - STOMACH,N
R06.8,DYSPNOEA / WHEEZ/DIFF IN BREATH,N
G24,DYSTONIA,N
G71.0,DYSTROPHY - PROGRESSIVE MUSCULAR,N
R30.0,DYSURIA,N
B67,ECHINOCOCCUS,N
N60.4,ECTASIA - MAMMARY DUCT,N
H02.1,ECTROPION - EYELID,N
L25,ECZEMA,N
R60.9,EDEMA,N
H02.84,EDEMA - EYELID,N
J81,EDEMA - LUNG,N
H05.22,EDEMA - ORBITAL,N
J39.2,EDEMA - PHARYNX / NASOPHARYNX,N
N90.8,EDEMA / CYST - VULVA,N
M25.47,EFFUSION - ANKLE / FOOT JOINT,N
M25.5,EFFUSION - JOINT,N
M25.46,EFFUSION - LOWER LEG JOINT,N
T75.4,ELECTROCUTION,N
R97.2,ELEVATED PROSTATET SPECIFIC ANTIGEN (PSA),N
I82.9,EMBOLISM - VEIN,N
J43,EMPHYSEMA,N
J98.2,EMPHYSEMA - MEDIASTINAL,N
E23.6,EMPTY SELLA SYNDROME,N
J86,EMPYEMA,N
G04,ENCEPHALITIS,N
Q01,ENCEPHALOCELE,N
G04,ENCEPHALOMYELITIS,N
G93.4,ENCEPHALOPATHY,N
F98.1,"ENCOPRESIS, NONORGAINIC ORIGIN",N
I33.9,"ENDOCARDITIS, ACUTE",N
N80,ENDOMETRIOSIS,N
N80.3,ENDOMETRIOSIS - PELVIC PERITONEUM,N
N71.9,ENDOMETRITIS,N
R59.9,ENLARGE - LYMPH NODE / SWOLLEN GLANDS,N
A09,ENTERITIS,N
N81.5,ENTEROCELE - VAGINAL / PELVIC,N
B34.1,ENTEROVIRAL INFECTION ,N
H02.0,ENTROPION - EYELID,N
F98.0,"ENURESIS, NONORGANIC ORIGIN",N
D72.1,EOSINOPHILIA,N
B33.0,EPIDEMIC PLEURODYNIA,N
N45,EPIDIDYMITIS / ORCHITIS,N
J05.1,"EPIGLOTTITIS, ACUTE",N
G40.9,EPILEPSY,N
N86,EROSION - CERVIX,N
K25.9,EROSION - GASTRIC,N
L53.9,ERYTHEMA,N
L51,ERYTHEMA - MULTIFORME,N
D45,ERYTHREMIA,N
K20,ESOPHAGITIS,N
H50.0,ESOTROPIA,N
R68.11,EXCESSIVE CRYING - INFANT,N
H61.81,EXOSTOSIS - EXTERNAL EAR CANAL,N
K10,EXOSTOSIS - JAW,N
H50.1,EXOTROPIA,N
H53.1,EYE STRAIN / ASTHENOPIA / PHOTOPHOBIA,N
G51.4,FACIAL MYOKYMIA,N
K72.9,FAILURE - LIVER,N
N19,FAILURE - RENAL,N
N19,"FAILURE - RENAL, LEFT",N
N19,"FAILURE - RENAL, RIGHT",N
J96.9,FAILURE - RESPIRATORY,N
R62.7,FAILURE TO THRIVE - ADULT,N
R62.51,FAILURE TO THRIVE - CHILD,N
O47,FALSE LABOR,N
M72.9,FASCIITIS,N
M35.4,FASCIITIS - EOSINOPHILIC,N
M72.6,FASCIITIS - NECROTIZING,N
M72.2,FASCIITIS - PLANTAR,N
R53,"FATIGUE, MALAISE, TIREDNESS",N
K76.0,FATTY LIVER,N
R63.3,FEEDING DIFFICULTY & MISMANAGEMENT,N
A01.0,FEVER - ENTERIC,N
A38,FEVER - SCARLET,N
A01.0,FEVER - TYPHOID,N
R50.9,FEVER / PYREXIA,N
N60.2,FIBROADENOSIS - BREAST ,N
N60.2,"FIBROADENOSIS - BREAST, LEFT",N
N60.2,"FIBROADENOSIS - BREAST, RIGHT",N
N60.1,FIBROCYSTIC - BREAST,N
N60.1,"FIBROCYSTIC - BREAST, LEFT",N
N60.1,"FIBROCYSTIC - BREAST, RIGHT",N
D36.9,FIBROMA,N
M79.7,FIBROMYOSITIS,N
M79.7,FIBROMYOSITIS,N
K60.2,FISSURE - ANAL,N
N64.0,FISSURE - NIPPLE,N
K63.2,FISTULA - ABDOMINAL,N
K60.3,FISTULA - ANAL,N
I77.0,FISTULA - ARTERIOVENOUS,N
N28.8,FISTULA - INTESTINOURETERAL,N
L98.8,FISTULA - SKIN,N
N82.0,FISTULA - VESICOVAGINAL,N
M21.4,FLAT FOOT,N
M89.9,FLOATING RIB / SLIPPED RIB,N
E87.7,FLUID RETENTION,N
R23.2,FLUSHING,N
L73.9,FOLLICULITIS,N
A05.9,FOOD POISONING,N
T16,FOREIGN BODY - EAR,N
T16,"FOREIGN BODY - EAR, LEFT",N
T16,"FOREIGN BODY - EAR, RIGHT",N
T15,FOREIGN BODY - EXTERNAL EYE,N
T15,"FOREIGN BODY - EYE, LEFT",N
T15,"FOREIGN BODY - EYE, RIGHT",N
T19,FOREIGN BODY - GENITOURINARY TRACT,N
T18.1,FOREIGN BODY - MOUTH / ESOPHAGUS,N
T17.1,FOREIGN BODY - NOSE,N
T17.2,FOREIGN BODY - PHARYNX / LARYNX,N
M79.5,FOREIGN BODY - SOFT TISSUE,N
T18.9,FOREIGN BODY - SWALLOWED,N
T17.4,FOREIGN BODY - TRACHEA / LUNG,N
T14.9,FRACTURE,N
S82,FRACTURE - ANKLE,N
S82,"FRACTURE - ANKLE, LEFT",N
S82,"FRACTURE - ANKLE, RIGHT",N
S52,FRACTURE - ARM,N
S52,"FRACTURE - ARM, LEFT",N
S52,"FRACTURE - ARM, RIGHT",N
S62.10,FRACTURE - CARPAL,N
S42.0,FRACTURE - CLAVICLE,N
S02.92,FRACTURE - FACE BONES : NOSE / JAW / ORITAL FLOOR,N
S02.92,FRACTURE - FACE BONES : NOSE / JAW / ORITAL FLOOR,N
S72,FRACTURE - FEMUR,N
S62.6,FRACTURE - FINGER,N
S62,FRACTURE - HAND,N
S42.3,FRACTURE - HUMERUS,N
S82,FRACTURE - LEG,N
S82,"FRACTURE - LEG, LEFT",N
S82,"FRACTURE - LEG, RIGHT",N
S62.3,FRACTURE - METACARPAL,N
S82.0,FRACTURE - PATELLA,N
S82.0,"FRACTURE - PATELLA, LEFT",N
S82.0,"FRACTURE - PATELLA, RIGHT",N
S32,FRACTURE - PELVIS,N
S52,FRACTURE - RADIUS / ULNA,N
S52,"FRACTURE - RADIUS / ULNA, LEFT",N
S52,"FRACTURE - RADIUS / ULNA, RIGHT",N
S22,FRACTURE - RIB,N
S42.1,FRACTURE - SCAPULA,N
S42.1,"FRACTURE - SCAPULA, LEFT",N
S42.1,"FRACTURE - SCAPULA, RIGHT",N
S02,FRACTURE - SKULL,N
S92.3,FRACTURE - TARSAL & METATARSAL,N
S92,FRACTURE - TOE,N
S12,FRACTURE - VERTEBRAL,N
S12,FRACTURE - VERTEBRAL,N
S32.0,FRACTURE - VERTEBRAL + SPINAL CORD INJURY,N
M75.0,FROZEN SHOULDER,N
N64.3,"GALACTORRHEA, NOT CHILDBIRTH",N
O92.6,"GALACTORRHEA, WITH CHILDBIRTH",N
K80,GALLSTONE,N
M67.4,GANGLION,N
I96,GANGRENE,N
N76.0,GARDNERELLA VAGINALIS,N
R14.0,GAS ON STOMACH,N
K29.7,GASTRITIS,N
A09,GASTROENTERITIS,N
N81,GENITAL PROLAPSE,N
M21.06,GENU VALGUM / KNOCKED KNEE,N
M21.16,GENU VARUM,N
D48.1,GIANT CELL TUMOR - TENDON SHEATH,N
F95.2,GILLES de la TOURETTE SYNDROME,N
K05.0,GINGIVITIS,N
H40,GLAUCOMA,N
H40,"GLAUCOMA, LEFT",N
H40,"GLAUCOMA, RIGHT",N
D33.9,GLIOMA - BRAIN,N
F45.8,GLOBUS PHARYNGIS,N
N00,"GLOMERULONEPHRITIS, ACUTE",N
N03,"GLOMERULONEPHRITIS, CHRONIC",N
K14.0,GLOSSITIS,N
J38.4,GLOTTIS / SUPRAGLOTTIS,N
H65.3,GLUE EAR,N
H65.3,"GLUE EAR, LEFT",N
H65.3,"GLUE EAR, RIGHT",N
R81,GLYCOSURIA,N
E04.9,GOITRE,N
M10,GOUT,N
M27.1,GRANULOMA - JAW,N
A58,GRANULOMA INGUINALE (a Venereal Disease),N
R62,GROWTH RETARDATION,N
N62,GYNECOMASTIA,N
O26.2,HABITUAL ABORTION,N
M20.2,HALLUX RIGIDUS,N
M20.1,HALLUX VALGUS,N
M20.3,HALLUX VARUS,N
R51,HEADACHE,N
R01.1,HEART MUMMUR,N
R12,HEARTBURN,N
T67.5,HEAT EXHAUSTION,N
T67.0,HEATSTROKE,N
D18.0,HEMANGIOMA,N
M25.0,HEMARTHROSIS,N
M25.06,HEMARTHROSIS - KNEE,N
K92.0,HEMATEMESIS,N
T14.9,HEMATOMA ,N
S36.112,HEMATOMA - LIVER BY CONTUSION,N
S30.201,HEMATOMA - MALE GENITAL ,N
H61.12,HEMATOMA - PINNA,N
I62.0,HEMATOMA - SUBDURAL,N
N89.8,HEMATOMA - VAGINAL,N
N90.8,HEMATOMA - VULVA,N
O71.7,HEMATOMA - VULVAR & PERINEAL,N
N85.7,HEMATOMETRA,N
N83.8,HEMATOSALPINX,N
R36.1,HEMATOSPERMIA,N
R31,HEMATURIA,N
G81,HEMIPLEGIA / HEMIPARESIS,N
E83.11,HEMOCHROMATOSIS,N
K66.1,HEMOPERITONEUM,N
K66.1,HEMOPERITONEUM / CYST - MESOTHELIA,N
R04.2,HEMOPTYSIS,N
I61,HEMORRHAGE - BRAIN,N
R58,HEMORRHAGE - CAPILLARY,N
K22.8,HEMORRHAGE - ESOPHAGEAL,N
H05.23,HEMORRHAGE - EYE,N
K92.2,HEMORRHAGE - GASTROINTESTINAL TRACT,N
I61,HEMORRHAGE - INTRACEREBRAL (ICH),N
H21.0,HEMORRHAGE - IRIS.CILIARY BODY,N
O72,HEMORRHAGE - POST.PARTUM,N
K62.5,HEMORRHAGE - RECTUM & ANUS,N
I60.9,HEMORRHAGE - SUBARACHNOID (SAH),N
R04.1,HEMORRHAGE - THROAT,N
R58,HEMORRHAGE - UNSPECIFIED,N
H43.1,HEMORRHAGE - VITREOUS,N
I84.8,HEMORRHOID - BLEEDING / PROLAPSED,N
I84,HEMORRHOID / PILE,N
B19,HEPATITIS,N
B15,HEPATITIS A,N
B16,HEPATITIS B,N
K73,"HEPATITIS, CHRONIC",N
R16.0,HEPATOMEGALY,N
K44,HERNIA - ESOPHAGEAL HIATUS,N
K41,HERNIA - FEMORAL,N
K40,HERNIA - INGUINAL,N
K42,HERNIA - PARUMBILICAL,N
B08.5,HERPANGINA,N
A60.9,HERPES - GENITAL,N
B00.1,"HERPES - SIMPLEX, LIPS",N
B02,HERPES - ZOSTER / SHINGLES,N
R06.6,HICCOUGH,N
L73.2,HIDRADENITIS,N
L68.0,HIRSUTISM / HYPERTRICHOSIS,N
R49.0,HOARSENESS,N
E72.1,HOMOCYSTINEMIA,N
H00.0,HORDEOLUM,N
N43.3,HYDROCELE,N
G91,HYDROCEPHALUS,N
N13.3,HYDRONEPHROSIS,N
N32.81,HYPERACTIVITY - BLADDER,N
F90,HYPERACTIVITY - CHILD,N
E80.7,HYPERBILIRUBINEMIA,N
E83.52,HYPERCALCEMIA,N
E87.8,HYPERCHLOREMIA / HYPOCHLOREMIA,N
E78.0,HYPERCHOLESTEROLEMIA,N
O21,HYPEREMESIS GRAVIDARUM,N
R73.9,HYPERGLYCAEMIA,N
E72.51,HYPERGLYCINEMIA,N
R61,HYPERHIDROSIS / EXCESSIVE SWEATING,N
R61,HYPERHIDROSIS / EXCESSIVE SWEATING,N
E78.5,HYPERLIPIDEMIA,N
H52.0,HYPEROPIA / FAR-SIGHTEDNESS,N
E21.5,HYPERPARATHYROIDISM,N
N85.0,HYPERPLASIA - ENDOMETRIUM,N
N39.8,HYPERPLASIA - URETHROVAGINAL,N
E87.5,HYPERPOTASSEMIA,N
E22.1,HYPERPROLACTINEMIA,N
E72.5,HYPERPROLINEMIA,N
E88.0,HYPERPROTEINEMIA,N
G47.1,HYPERSOMNIA,N
I10,HYPERTENSION - ESSENTIAL,N
I10,HYPERTENSION - MALIGNANT,N
O13,HYPERTENSION - PREGNANCY,N
I27.0,HYPERTENSION - PRIMARY PULMONARY,N
E05,HYPERTHYROIDISM,N
L91.9,HYPERTROPHIC / ATROPHIC - SKIN,N
N62,HYPERTROPHY - BREAST,N
N28.81,HYPERTROPHY - KIDNEY,N
N40,HYPERTROPHY - PROSTATE BENIGN,N
K11.1,HYPERTROPHY - SALIVARY GLAND,N
J35.3,HYPERTROPHY - TONSIL & ADENOID,N
J34.3,HYPERTROPHY - TURBINATE,N
R73.9,HYPERURICEMIA,N
R06.4,HYPERVENTILATION,N
E83.51,HYPOCALCEMIA,N
F45.21,HYPOCHONDRIASIS,N
E16.2,HYPOGLYCEMIA,N
E34.9,HYPOGONADISM - FEMALE,N
E29.1,HYPOGONADISM - MALE,N
E87.6,HYPOKALEMIA / HYPOPOTASSEMIA,N
R63.8,HYPOMETABOLISM,N
E87.1,HYPONATREMIA (Sodium Deficiency),N
E23.0,HYPOPITUITARISM,N
Q54,HYPOSPADIAS,N
Q54,HYPOSPADIAS,N
I95,HYPOTENSION,N
E03.9,HYPOTHYROIDISM,N
R06.8,HYPOVENTILATION,N
R09.0,HYPOXEMIA,N
F44.9,HYSTERIA,N
G90.0,IDIOPATHIC PERIPHERAL AUTONOMIC NEUROPATHY,N
K50.0,ILEITIS (SMALL INTESTINE),N
E34.9,IMBALANCE - HORMONE,N
K56.41,IMPACTION - FECAL,N
Q42.3,IMPERFORATE - ANUS / RECTUM,N
Q52.3,IMPERFORATE - HYMEN,N
Q64.3,IMPERFORATE - URINARY MEATUS,N
L01,IMPETIGO,N
N52.1,"IMPOTENCE, ORGANIC ORIGIN",N
N52.8,"IMPOTENCE, PYSCHOSEXUAL",N
R32,INCONTINENCE - URINARY,N
I21,INFARCTION - MYOCARDIUM,N
N73.9,INFECTION  - PELVIC,N
L04.9,INFECTION - AXILLARY GLAND,N
A49.9,INFECTION - BACTERIAL,N
H44.0,INFECTION - EYE,N
B49,INFECTION - FUNGAL,N
M86.8X5,INFECTION - HIP BONE,N
K11.2,INFECTION - MANDIBULAR GLAND DUCT,N
L05.9,INFECTION - PILONIDAL SINUS,N
N49.2,INFECTION - SCROTUM / SPERM CORD,N
L98.8,INFECTION - SKIN,N
L08.8,INFECTION - UMBILICAL,N
B34.9,INFECTION - VIRUS,N
T79.8,INFECTION - WOUND,N
B27,INFECTIOUS MONONUCLEOSIS,N
N97,INFERTILITY - FEMALE,N
N46,INFERTILITY - MALE,N
N97,INFERTILITY DUE TO ANOVATORY CYCLE,N
N97.1,INFERTILITY DUE TO TUBAL BLOCK,N
H01.9,INFLAMMATION - EYELID,N
N71.0,INFLAMMATION - UTERUS,N
J09,INFLUENZA,N
L60.0,INGROWING NAIL,N
S39.92,INJURY - BACK,N
S29,INJURY - CHEST WALL,N
S36.5,INJURY - COLON / RECTUM,N
S59.9,INJURY - EBLOW/ FOREARM / WRIST,N
S59.9,INJURY - ELBOW / FOREARM / WRIST,N
S01.3,INJURY - EXTERNAL EAR,N
S05.9,INJURY - EYEBALL,N
S69.9,INJURY - FINGER,N
S69.9,INJURY - HAND,N
S09.9,INJURY - HEAD,N
S26,INJURY - HEART / LUNG,N
S79,INJURY - HIP / THIGH,N
S36,INJURY - INTRA.ABDOMEN,N
S37.0,INJURY - KIDNEY,N
S89,INJURY - KNEE / LEG / ANKLE / FOOT,N
S89,INJURY - KNEE / LEG / ANKLE / FOOT,N
S89,INJURY - KNEE / LEG / ANKLE / FOOT,N
S89,INJURY - KNEE / LEG / ANKLE / FOOT,N
S89,INJURY - KNEE / LEG / ANKLE / FOOT,N
S36.1,INJURY - LIVER ,N
S19,INJURY - NECK & FACE,N
S19,INJURY - NECK & FACE,N
S37,INJURY - PELVIC ORGANS,N
S39.94,INJURY - PENIS,N
S74.0,INJURY - SCIATIC NERVE,N
S39.94,INJURY - SCROTUM,N
S49.9,INJURY - SHOULDER / UPPER ARM,N
S36.4,INJURY - SMALL INTESTINE,N
S34,INJURY - SPINE,N
S36.0,INJURY - SPLEEN ,N
S36.3,INJURY - STOMACH,N
S89,INJURY - TOE,N
T14.9,INJURY / TRAUMA,N
W57,INSECT BITE,N
G47.0,INSOMNIA,N
N36.8,INSTABILITY - URETHRAL,N
L26,INTERTRIGO,N
I67.9,INTRACRANIAL VESSEL DISEASE,N
N85.6,INTRAUTERINE SYNECHIAE,N
K56.1,INTUSSUSCEPTION - INTESTINE,N
H20.9,IRITIS,N
K58,IRRITABLE BOWEL SYNDROME,N
I51.9,ISCHEMIA - HEART,N
L29.9,ITCH / PRURITIS,N
P59.9,JAUNDICE - NEONATAL,N
R17,JAUNDICE / ICTERUS - NOT NEWBORN,N
G47.2,JET LAG,N
L91.0,KELOID SCAR,N
H16,KERATITIS,N
H16.2,KERATOCONJUNCTIVITIS,N
H18.6,KERATOCONUS UNSPECIFIED,N
L57.0,KERATOSIS - ACTINIC,N
L82,KERATOSIS - SEBORRHEIC,N
L86,KERATOSIS / KERATODERMA,N
H83.0,LABYRINTHITIS / VESTIBULITIS - EAR,N
T14.9,LACERATION,N
S05.3,LACERATION - CORNEA,N
S51,LACERATION - ELBOW / FOREARM / WRIST,N
S01.8,LACERATION - EYEBROW / FOREHEAD,N
S01.4,LACERATION - FACE,N
S61.0,LACERATION - FINGER,N
S91.3,LACERATION - FOOT,N
S61.4,LACERATION - HAND,N
S81,LACERATION - KNEE / LEG / ANKLE,N
S11.0,LACERATION - LARYNX / TRACHEA,N
S01.501,LACERATION - LIP,N
S01.502,LACERATION - MOUTH / TONGUE,N
S11,LACERATION - NECK / THROAT,N
S01.2,LACERATION - NOSE,N
S11.2,LACERATION - PHARYNX,N
S01.0,LACERATION - SCALP,N
S41,LACERATION - SHOULDER / UPPER ARM,N
S91.1,LACERATION - TOE,N
R62,LACK OF NORMAL PHYSIOLOGICAL DEVELOPMENT,N
H04.33,LACRIMAL CANALICULITIS,N
J04.0,"LARYNGITIS, ACUTE",N
J37.0,"LARYNGITIS, CHRONIC",N
J06.0,"LARYNGOPHARYNGITIS, ACUTE",N
J37.1,"LARYNGOTRACHEITIS, CHRONIC",N
R62.0,LATE TALKER / LATE WALKER,N
Q87.8,LAURENCE-MOON-BIEDL SYNDROME,N
M24.2,LAXITY - LIGAMENT,N
F81.9,LEARNING DIFFICULTY,N
L81.8,LENTIGO,N
G54.0,LESION - BRACHIAL PELXUS,N
G54.2,LESION - CERVICAL NERVE ROOT ,N
M99.81,LESION - CERVICOTHRACIC REGION,N
G54.4,LESION - LUMBOSACRAL NERVE ROOT ,N
M99.83,LESION - LUMBOSACRAL REGION,N
G57.6,LESION - PLANTAR NERVE ,N
G57.3,LESION - POPLITEAL NERVE,N
G56.3,LESION - RADIAL NERVE ,N
M99.84,LESION - SACROCOCCYGEAL REGION,N
G57.0,LESION - SCIATIC NERVE ,N
G54.3,LESION - THORACIC NERVE ROOT ,N
M99.82,LESION - THORACOLUMBAR REGION,N
G56.2,LESION - ULNAR NERVE ,N
C95.0,LEUKEMIA - ACUTE,N
C91.0,LEUKEMIA - LYMPHOBLASTIC,N
C91.0,LEUKEMIA - LYMPHOBLASTIC,N
C93,LEUKEMIA - MONOCYTIC,N
C92,LEUKEMIA - MYELOID,N
D72.819,LEUKOCYTOPENIA / LEUKOPENIA,N
K13.2,LEUKOPLAKIA - ORAL MUCOSA / TONGUE,N
L28.0,LICHEN,N
L43,LICHEN PLANUS,N
H02.53,LID RETRACTION OR LAG,N
D17,LIPOMA,N
R41.3,LOSS OF MEMORY,N
R49.1,LOSS OF VOICE,N
K12.2,LUDWIG'S ANGINA,N
M54.5,LUMBAGO,N
R22.9,LUMP - EAR,N
R22.9,"LUMP - EAR, LEFT",N
R22.9,"LUMP - EAR, RIGHT",N
R91,LUNG SHADOW,N
M32,LUPUS ERY SYSTEMIC,N
L04.9,"LYMPHADENITIS, ACUTE",N
I88.1,"LYMPHADENITIS, CHRONIC / ADENITIS",N
I88.0,"LYMPHADENITIS, MESENTERIC",N
I88,"LYMPHADENITIS, UNSPECIFIED",N
D72.810,LYMPHOCYTOPENIA,N
C81,LYMPHOMA - HODGKIN'S,N
Q74.0,MACRODACTYLY,N
Q74.0,MACRODACTYLY,N
C21.0,MAGLINANT - ANUS,N
C07,MAGLINANT - PAROTID GLAND,N
C08.0,MAGLINANT - SUBMANDIBULAR GLAND,N
B54,MALARIA,N
Q27.3,MALFORMATION - ARTERIOVENOUS,N
C77.3,MALIGNANT - AXILLA LYMPH NODE,N
C67,MALIGNANT - BLADDER,N
C41.9,MALIGNANT - BONE,N
C71,MALIGNANT - BRAIN,N
C50,MALIGNANT - BREAST,N
C77.0,MALIGNANT - CERVICAL LYMPH NODE,N
C18,MALIGNANT - COLON,N
C20,MALIGNANT - COLON & RECTUM,N
C26.9,MALIGNANT - DIGESTIVE ORGAN,N
C30.1,MALIGNANT - EAR,N
C75.9,MALIGNANT - ENDOCRINE,N
C54.1,MALIGNANT - ENDOMETRIUM,N
C63.0,MALIGNANT - EPIDIDYMIS,N
C69.9,MALIGNANT - EYE,N
C57.9,MALIGNANT - FEMALE GENITAL,N
C23,MALIGNANT - GALLBLADDER,N
C26.9,MALIGNANT - INTESTINE,N
C64,MALIGNANT - KIDNEY,N
C32,MALIGNANT - LARYNGEAL,N
C50,MALIGNANT - LEFT BREAST,N
C64,MALIGNANT - LEFT KIDNEY,N
C56,MALIGNANT - LEFT OVARY,N
C22.9,MALIGNANT - LIVER,N
C34.9,MALIGNANT - LUNG,N
C77.0,MALIGNANT - LYMPHATIC SYSTEM,N
C63.9,MALIGNANT - MALE GENITAL,N
C41.1,MALIGNANT - MANDIBLE,N
C41.9,MALIGNANT - MAXILLA,N
C38.3,MALIGNANT - MEDIASTINUM,N
C43,MALIGNANT - MELANOMA,N
C06.9,MALIGNANT - MOUTH,N
C41.9,MALIGNANT - MUSCULOSKELETAL,N
C38.0,MALIGNANT - MYOCARDIUM,N
C11,MALIGNANT - NASOPHARGNX ,N
C72.9,MALIGNANT - NERVOUS SYSTEM,N
C15,MALIGNANT - OESOPHAGUS,N
C56,MALIGNANT - OVARY,N
C25,MALIGNANT - PANCREAS,N
C61,MALIGNANT - PROSTATE,N
C20,MALIGNANT - RECTUM,N
C39.0,MALIGNANT - RESPIRATORY TRACT,N
C50,MALIGNANT - RIGHT BREAST,N
C64,MALIGNANT - RIGHT KIDNEY,N
C56,MALIGNANT - RIGHT OVARY,N
C63.2,MALIGNANT - SCROTUM,N
C44,MALIGNANT - SKIN,N
C63.1,MALIGNANT - SPERMATIC CORD,N
C72.0,MALIGNANT - SPINE,N
C16,MALIGNANT - STOMACH,N
C62,MALIGNANT - TESTIS,N
C37,MALIGNANT - THYMOMA,N
C73,MALIGNANT - THYROID,N
C02.9,MALIGNANT - TONGUE,N
C09,MALIGNANT - TONSIL,N
C55,MALIGNANT - UTERUS,N
M20.0,MALLET FINGER,N
K22.6,MALLORY-WEISS SYNDROME,N
M26.4,MALOCCULUSION,N
R19.0,MASS - ABDOMINAL / PELVIC,N
R19.0,MASS - ABDOMINAL / PELVIC,N
N63,MASS - BREAST ,N
N63,MASS - BREAST LEFT,N
N63,"MASS - BREAST, RIGHT",N
R22.2,MASS - CHEST,N
R22.0,MASS - HEAD / NECK,N
R22.0,MASS - HEAD / NECK,N
R22.9,MASS / LUMP / SWELLING - SUPERFICIAL,N
N61,MASTITIS / INFECTION - NIPPLE,N
H70.9,MASTOIDITIS,N
B05,MEASLES /  RUBEOLA,N
J98.5,MEDIASTINITIS,N
Q61.5,MEDULLARY SPONGE KIDNEY,N
K59.3,MEGACOLON,N
K92.1,MELENA / BLOOD IN STOOL,N
H81.0,MENIERE'S DISEASE,N
G03.9,MENINGITIS,N
N95.1,MENOPAUSAL SYMPTOMS,N
F79,MENTAL RETARDATION,N
G57.1,MERALGIA PARESTHETICA,N
C79.3,METASTASIS - BRAIN,N
C78.7,METASTASIS - LIVER,N
C79.5,METASTATIC - BONE,N
M77.4,METATARSALGIA,N
N92.1,METRORRHAGIA,N
G43,MIGRAINE,N
O73,MISCARRIAGE / MISSED ABORTION,N
E88.4,MITOCHONDRIAL DISEASE,N
I78.1,"MOLE, NON NEOPLASTIC",N
B08.1,MOLLUSCUM CONTAGIOSUM,N
E66.01,MORBID OBESITY,N
T75.3,MOTION SICKNESS,N
T70.2,MOUNTAIN SICKNESS,N
J34.1,MUCOCELE - NASAL SINUS,N
K11.6,MUCOCELE - SALIVERY GLAND / CYST - RANULA,N
K12.3,MUCOSITIS,N
O30,MULTIPLE PREGNANCY,N
G35,MULTIPLE SCLEROSIS,N
B26,MUMPS,N
H43.3,MUSCAE VOLITANTES,N
G70.0,MYASTHENIA GRAVIS,N
B49,MYCOSIS,N
G04,MYELITIS,N
C90.0,MYELOMA,N
Q05,MYELOMENINGOCELE + DISPROPORTION,N
G95.9,MYELOPATHY,N
Q24.5,MYOCARDIAL BRIDGE,N
I51.4,MYOCARDITIS,N
G25.3,MYOCLONUS,N
M62.8,MYOFIBROSIS,N
G25.3,MYOKYMIA,N
H52.1,MYOPIA / NEAR SIGHTEDNESS,N
M60,MYOSITIS,N
H73.0,MYRINGITIS,N
I78.1,"NAEVUS, NON NEOPLASTIC",N
J34.81,NASAL MUCOSITIS,N
J34.1,NASAL OBSTRUCTION,N
J33,NASAL POLYP,N
J00,NASOPHARYNGITIS / CATARRH / CORYZA / RHINITIS,N
J31.1,"NASOPHARYNGITIS, CHRONIC",N
R11,NAUSEA / VOMITING,N
K76.2,NECROSIS - LIVER,N
N05,NEPHRITIS / NEPHROPATHY,N
N04,NEPHROTIC SYNDROME,N
M79.2,NEURALGIA,N
M54.81,NEURALGIA - OCCIPITAL,N
F48.0,NEURASTHENIA,N
M79.2,NEURITIS,N
G57.9,NEURITIS - LOWER LIMB,N
H46,NEURITIS - OPTIC,N
G55,NEURITIS - UPPER LIMB,N
Q85.0,NEUROFIBROMATOSIS,N
D33.7,NEUROMA,N
G56.4,NEUROPATHY - PERIPHERAL,N
F48.0,NEUROSIS,N
K12.3,NEUTROPENIA,N
H53.6,NIGHT BLINDNESS,N
F51.4,NIGHT TERROR,N
R35.1,NOCTURIA,N
J98.4,NODULE - LUNG,N
J38.2,NODULE - VOCAL CORD,N
M99.88,"NONALLOPATHIC LESIONS, RIB CAGE",N
F48.9,NONPSYCHOTIC MENTAL DISORDER,N
E04.9,NONTOXIC NODULAR GOITER,N
M79.81,NONTRAUMATIC HEMATOMA OF SOFT TISSUE,N
O80,NORMAL DELIVERY,N
R20.2,NUMBNESS / TINGLING,N
E63.9,NUTRITIONAL DEFICIENCY,N
H55,NYSTAGMUS,N
O71.9,OBSTETRICAL TRAUMA,N
J44.9,OBSTRUCTION - AIRWAY,N
K83.1,OBSTRUCTION - BILE DUCT,N
N32.0,OBSTRUCTION - BLADDER NECK,N
H68.1,OBSTRUCTION - EUSTACHIAN TUBE,N
K56.6,OBSTRUCTION - INTESTINE,N
N13.8,OBSTRUCTION - URETER,N
N13.8,"OBSTRUCTION - URETER, LEFT",N
N13.8,"OBSTRUCTION - URETER, RIGHT",N
N13,OBSTRUCTION - URINARY,N
N91.5,OLIGOMENORRHEA,N
R34,OLIGURIA / ANURIA,N
L60.1,ONCHOLYSIS,N
L60.1,ONCHOLYSIS / HYPERTROPHY NAIL,N
H05.01,ORBITAL CELLULITIS,N
G24.4,OROFACIAL DYSKINESIA,N
M19.9,OSTEOARTHROSIS,N
M19.07,OSTEOARTHROSIS - ANKLE / FOOT,N
M17,OSTEOARTHROSIS - LOWER LEG,N
Q78.9,"OSTEODYSTROPHIES, CONGENITAL",N
D16,OSTEOMA,N
M86,OSTEOMYELITIS,N
Q78.2,OSTEOPETROSIS,N
M81.9,OSTEOPOROSIS,N
H60,OTITIS EXTERNA,N
H60,"OTITIS EXTERNA, LEFT",N
H66.9,OTITIS MEDIA,N
H65.4,OTITIS MEDIA - SECRETORY,N
H66.9,"OTITIS MEDIA, LEFT",N
H66.9,"OTITIS MEDIA, RIGHT",N
H60,"OTITS EXTERNA, RIGHT",N
H80,OTOSCLEROSIS,N
E28,OVARIAN DYSFUNCTION,N
E89.4,"OVARIAN FAILURE, POSTSURGICAL",N
R52.9,PAIN,N
R10,PAIN - ABDOMINAL,N
R52,PAIN - ANAL / RECTAL,N
M25.57,PAIN - ANKLE / FOOT,N
M54.5,PAIN - BACK,N
R39.8,PAIN - BLADDER,N
N64.4,PAIN - BREAST,N
R07.4,PAIN - CHEST,N
H92.0,PAIN - EAR / OTALGIA,N
M25.52,PAIN - ELBOW / HUMERUS,N
R10.1,PAIN - EPIGASTRIC,N
H57.1,PAIN - EYE,N
M79.63,PAIN - FOREARM,N
R10,PAIN - GROIN,N
M79.643,PAIN - HAND / FINGER,N
R68.84,PAIN - JAW,N
M54.5,PAIN - LOW BACK,N
M79.66,PAIN - LOWER LEG,N
M25.5,PAIN - MULTIPLE SITES,N
M79.7,PAIN - MUSCLE,N
M54.2,PAIN - NECK,N
M79.65,PAIN - PELVIC / THIGH,N
M79.65,PAIN - PELVIC / THIGH,N
R07.2,PAIN - PRECORDIAL ,N
R07.81,PAIN - RIB / SPINE,N
R07.81,PAIN - RIB / SPINE,N
M25.51,PAIN - SHOULDER,N
R07.0,PAIN - THROAT,N
K14.6,PAIN - TONGUE,N
R23.1,PALLOR ,N
R00.2,PALPITATIONS,N
G51.0,PALSY -  FACIAL / BELL'S,N
H49.2,PALSY - ABDUCENS NERVE (6th) ,N
H49.0,PALSY - OCULOMOTOR NERVE (3rd) ,N
H49.1,PALSY - TROCHLEAR NERVE (4th) ,N
K86.1,"PANCREATITIS, CHRONIC",N
K85.9,"PANCREATITS, ACUTE",N
D61.81,PANCYTOPENIA,N
F41.0,PANIC ATTACK,N
M79.3,PANNICULITIS,N
H46.0,PAPILLITIS - OPTIC,N
D23.9,PAPILLOMA,N
D28.9,PAPILLOMA - PERINEUM,N
G83.9,PARALYSIS,N
G83.1,PARALYSIS - LOWER LIMB,N
G83.2,PARALYSIS - UPPER LIMB,N
J38.0,PARALYSIS - VOCAL CORD / LARYNX,N
G82.2,PARAPLEGIA - LOWER LIMB,N
B82.9,PARASITISM - INTESTINAL,N
R20.2,PARESTHESIA,N
G20,PARKNSONISM,N
K11.2,PAROTITIS / SIA
ENITIS,N
I47,PAROXYSMAL TACHYCARDIA,N
Q25.0,PATENT DUCTUS ARTERIOSUS,N
Q67.6,Pectus excavatum,N
B85,PEDICULOSIS / LICE,N
S05.6,PENETRATION - OCULAR,N
H72,PERFORATION - EAR DRUM / TYMPANIC,N
H72,"PERFORATION - EAR DRUM, LEFT",N
H72,"PERFORATION - EAR DRUM, RIGHT",N
K22.3,PERFORATION - ESOPHAGUS,N
K25.1,PERFORATION - GASTRIC,N
K63.1,PERFORATION - INTESTINE,N
S37.6,PERFORATION - UTERUS,N
I30,PERICARDITIS,N
H61.0,PERICHONDRITIS - AURICLE,N
K05.3,PERIODONTITIS,N
M86.9,PERIOSTITIS,N
K66.0,PERITONEAL ADHESION,N
K65,PERITONITIS,N
Q64.4,PERSISTENT UMBILICAL SINUS,N
R23.3,PETECHIAE,N
D35.0,PHAEOCHROMOCYTOMA -UNSPECIFIED,N
J02,"PHARYNGITIS, ACUTE",N
J31.2,"PHARYNGITIS, CHRONIC",N
E70.0,PHENYLKETONURIA,N
N47,PHIMOSIS / PARAPHIMOSIS,N
I80.9,PHLEBITIS,N
F40.9,PHOBIA,N
L81.9,PIGMENTATION / DISCOLORATION,N
H11.15,PINGUECULA,N
L30.5,PITYRIASIS,N
L42,PITYRIASIS ROSEA,N
O44,PLACENTA PRAEVIA,N
J91,PLEURAL EFFUSION,N
R09.1,PLEURISY,N
J64,PNEUMOCONIOSIS,N
J15.7,PNEUMONIA DUE TO MYCOPLASMA PNEUMONIAE,N
J15.9,"PNEUMONIA, BACTERIAL",N
J12.9,"PNEUMONIA, VIRAL",N
J93,PNEUMOPYOTHORAX,N
A80,"POLIOMYELITIS, ACUTE",N
M06.4,POLYARTHROPATHY - INFLAMMATORY,N
Q61.3,POLYCYSTIC KIDNEY,N
E28.2,POLYCYSTIC OVARY,N
E28.2,"POLYCYSTIC OVARY, LEFT",N
E28.2,"POLYCYSTIC OVARY, RIGHT",N
D45,POLYCYTHAEMIA VERA,N
Q69.0,"POLYDACTYLY, FINGERS ",N
R63.1,POLYDIPSIA / EXCESSIVE THIRST,N
N92.0,POLYMENORRHEA / MENORRHAGIA,N
M35.3,POLYMYALGIA RHEUMATICA,N
M33.2,POLYMYOSITIS,N
G61.9,POLYNEURITIS,N
G62.9,POLYNEUROPATHY,N
Q78.1,POLYOSTOTIC FIBROUS DYSPLASIA,N
K62.0,POLYP - ANAL / RECTUM,N
N84.1,POLYP - CERVIX,N
D12.6,POLYP - COLON,N
N84.0,POLYP - ENDOMETRIUM / UTERUS,N
K82.8,POLYP - GALLBLADDER,N
N84.3,POLYP - LABIA & VULVA,N
D13.1,POLYP - STOMACH,N
N28.8,POLYP - URETER,N
N36.2,POLYP - URETHRAL,N
N84.2,POLYP - VAGINA,N
J38.1,POLYP - VOCAL CORD / LARYNX,N
R63.2,POLYPHAGIA / EXCESSIVE EATING,N
R35,POLYURIA,N
I81,PORTAL VEIN THROMBOSIS,N
F07.81,POST CONTUSION SYNDROME,N
N93.0,POSTCOITAL BLEEDING,N
N48.1,POSTHITIS,N
R09.82,POSTNASAL DRIP,N
O86.4,POSTPARTUM FEVER,N
M40.0,POSTURAL KYPHOSIS,N
M40.4,POSTURAL LORDOSIS,N
Q18.1,PREAURICULAR SINUS / FISTULA,N
E30.1,PRECOCIOUS SEXUAL PUBERTY,N
O14.9,PRE-ECLAMPSIA,N
O00,"PREGNANCY, ECTOPIC",N
O01.9,"PREGNANCY, MOLAR",N
P07.3,PREMATURE - INFANT,N
I49.4,PREMATURE BEATS,N
O60,PREMATURE LABOR,N
N94.3,PREMENSTRUAL TENSION,N
H52.4,PRESBYOPIA,N
L74.3,PRICKLY HEAT / HEAT RASH,N
K62.9,PROCTITIS,N
K51.2,PROCTITIS - ULCERATIVE,N
M25.9,PROGNATHISM,N
M50.2,PROLAPSE - CERVICAL DISC,N
N81.9,PROLAPSE - GENITAL FEMALE,N
M51.9,PROLAPSE - INTERVERTEBRAL DISC,N
M51.26,PROLAPSE - LUMBAR DISC,N
K62.3,PROLAPSE - RECTUM,N
M51.24,PROLAPSE - THORACIC DISC,N
N81.0,PROLAPSE - URETHRA / URETHROCELE,N
N41.0,PROSTATITIS,N
R80,PROTEINURIA,N
L29.0,PRUITUS - ANUS,N
L29.3,PRUITUS - GENITAL ORGAN,N
L28.2,PRURIGO,N
L28.1,PRURIGO NODULARIS,N
L40,PSORIASIS,N
H11.0,PTERYGIUM,N
H11.0,"PTERYGIUM, LEFT",N
H11.0,"PTERYGIUM, RIGHT",N
H02.4,PTOSIS - EYELID,N
I26,PULMONARY EMBOLISM,N
K04.0,PULPITIS,N
D69,PURPURA,N
D69.0,PURPURA - SCHONLEIN.HENOCH,N
N12,PYELITIS,N
N12,PYELONEPHRITIS,N
L98.0,PYOGENIC GRANULOMA - SKIN,N
N39.0,PYURIA,N
J36,QUINSY,N
M54.12,RADICULITIS - CERVICAL,N
B02.2,RAMSAY HUNT SYNDROME,N
B02.2,RAMSAY HUNT SYNDROME TYPE II,N
R21,RASH / EXANTHEMA,N
N81.6,RECTOCELE / PROCTOCELE,N
O34.9,RECTOCELE WITH PREGNANCY,N
H57.8,REDNESS - EYE,N
Q43.4,REDUNDANT COLON,N
N47,REDUNDANT PREPUCE,N
G90.5,REFLEX SYMPATHETIC DYSTROPHY,N
K21,REFLUX - GASTROESOPHAGEAL,N
N13.7,REFLUX - VESICOURETERAL,N
H52.7,REFRACTIVE ERROR,N
R09.2,RESPIRATORY ARREST,N
O73,RETAINED PRODUCT OF CONCEPTION,N
R33,RETENTION - URINE,N
H33,RETINAL HOLE,N
H33,"RETINAL HOLE, LEFT",N
H33,"RETINAL HOLE, RIGHT",N
H30.14,RETINAL PIGMENT EPITHELIOPATHY,N
H35.06,RETINAL VASCULITIS,N
H30,RETINITIS,N
C69.2,RETINOBLASTOMA (Congenital),N
H35.0,RETINOPATHY,N
H35.71,RETINOPATHY - CENTRAL SEROUS,N
M62.82,RHABDOMYOLYSIS,N
I09.0,RHEUMATIC MYOCARDITIS,N
M79.0,RHEUMATISM / FIBROSITIS,N
M06.9,RHEUMATOID ARTHRITIS,N
J30,RHINITIS - ALLERGIC,N
J31.0,"RHINITIS, CHRONIC",N
B97.8,RHINOVIRUS INFECTION,N
E55.0,RICKETS,N
L71,ROSACEA ,N
B09,ROSEOLA INFANTUM,N
B06,RUBELLA,N
M66.3,RUPTURE - ACHILLES TENDON,N
M66.87,RUPTURE - ANKLE / FOOT TENDON,N
S05.2,RUPTURE - EYE ,N
M66.24,RUPTURE - HAND / WRIST TENDON,N
M66.9,RUPTURE - TENDON (NONSPECIFIED),N
N36.8,RUPTURE - URETHRA,N
M46.1,SACROILIITIS,N
N70,SALPINGITIS,N
B86,SCABIES,N
M54.3,SCIATICA,N
H15.0,SCLERITIS / EPISLERITIS,N
M41.2,"SCOLIOSIS, IDIOPATHIC",N
L21.9,SEBORRHEA,N
G40.9,SEIZURE DISORDER,N
H90.5,SENSORINEURAL HEARING LOSS,N
A41.9,SEPSIS / SEPTICEMIA,N
R57,SHOCK - WITHOUT TRAUMA,N
R06.0,SHORTNESS OF BREATH,N
M35.0,SICCA SYNDROME,N
J01,SINUSITIS or ACUTE SINUSITIS,N
J32,"SINUSITIS, CHRONIC",N
L91.9,SKIN TAG,N
K64.4,SKIN TAG - ANUS / RECTUM,N
G47.3,SLEEP APNOEA,N
G47.9,SLEEP DISTURBANCE,N
R06.7,SNEEZING,N
K59.4,SPASM - ANUS,N
K22.4,SPASM - ESOPHAGUS,N
J38.5,SPASM - LARYNGEAL,N
R25.2,SPASM - MUSCLE = CRAMP,N
K31.3,SPASM - PYLORUS,N
G24.3,SPASMODIC TORTICOLLIS,N
K58,SPASTIC COLON,N
N43.4,SPERMATOCELE,N
Q05,SPINA BIFIDA,N
Q05.4,SPINA BIFIDA WITH HYDROCEPHALUS,N
G95.9,SPINAL CORD COMPRESSION,N
D73.8,SPLENITIS,N
R16.1,SPLENOMEGALY,N
M46,SPONDYLITIS,N
M45,SPONDYLITIS - ANKYLOSING,N
M43.1,SPONDYLOLISTHESIS,N
M47,SPONDYLOSIS,N
M47.892,SPONDYLOSIS - CERVICAL,N
M47.1,SPONDYLOSIS WITH MYELOPATHY,N
S93.4,SPRAIN - ANKLE,N
S43.4,SPRAIN - ARM ,N
S23.9,SPRAIN - BACK,N
S53.4,SPRAIN - ELBOW / FOREARM,N
S93.6,SPRAIN - FOOT,N
S63.8,SPRAIN - HAND,N
S73.1,SPRAIN - HIP / THIGH,N
S83.9,SPRAIN - KNEE / LEG,N
S33.9,SPRAIN - LUMBAR ,N
S13.9,SPRAIN - NECK,N
S43.4,SPRAIN - SHOULDER,N
S93.5,SPRAIN - TOE,N
S63.5,SPRAIN - WRIST,N
T14.9,"SPRAIN(LIGAMENT,MUSCLE,TENDON)",N
M25.7,SPUR - BONE / EXOSTOSIS,N
M77.3,SPUR - CALCANEAL,N
Q25.3,STENOSIS - AORTIC,N
J39.8,STENOSIS - BRONCHUS / TRACHEA,N
N88.2,STENOSIS - CERVICAL,N
K31.1,STENOSIS - HYPERTROPHIC PYLORIC,N
J38.6,STENOSIS - LARYNX,N
I05.0,STENOSIS - MITRAL VALVE,N
M48.06,"STENOSIS - SPINAL, LUMBAR",N
M48.04,"STENOSIS - SPINAL, THORACIC",N
M25.6,STIFFNESS - JOINT,N
K12,STOMATITIS / MUCOSITIS,N
K80.5,STONE - BILE DUCT,N
N21.0,STONE - BLADDER,N
K80.5,STONE - HEPATIC DUCT,N
N20.0,STONE - KIDNEY,N
N20.0,"STONE - KIDNEY, LEFT",N
N20.0,"STONE - KIDNEY, RIGHT",N
K86.8,STONE - PANCREA,N
K11.5,STONE - SALIVARY DUCT,N
J35.8,STONE - TONSIL,N
N20.1,STONE - URETER,N
N20.1,"STONE - URETER, LEFT",N
N20.1,"STONE - URETER, RIGHT",N
N21.1,STONE - URETHRA,N
N20.9,STONE - URINARY,N
H50.9,STRABISMUS / SQUINT,N
H50.9,"STRABISMUS / SQUINT, RIGHT",N
H50.9,"STRABISMUS/SQUINT, LEFT",N
J13,STREPTOCOCCUS PNEUMONIAE PNEUMONIA,N
R45.7,STRESS,N
N39.3,STRESS INCONTINENCE - FEMALE,N
R69,STRICTURE,N
K62.4,STRICTURE - ANAL SPHINCTER,N
I77.1,STRICTURE - ARTERY,N
K22.2,STRICTURE - ESOPHAGUS,N
N35,STRICTURE - URETHRA,N
R06.1,STRIDOR / HASH SOUND IN BREATHING,N
I67.9,STROKE,N
H27.11,SUBLUXATION OF LENS,N
L55,SUNBURN,N
S00.95,"SUPERFICIAL FOREIGN BODY (SPLINTER) OF FACE, NECK, AND SCALP",N
K00.1,SUPERNUMERARY TEETH,N
J04.3,"SUPRAGLOTTIS, ACUTE",N
R22.9,SWELLING - EYE,N
R22.3,SWELLING - LIMB,N
R22.3,SWELLING - LIMB,N
R55,SYNCOPE / COLLAPSE / VASOVAGAL ATTACK,N
R55,SYNCOPE / COLLAPSE / VASOVAGAL ATTACK,N
H04.12,SYNDROME - DRY EYE,N
K63.8,SYNDROME - SPLENIC FLEXURE,N
H21.51,SYNECHIA - IRIS,N
M65.9,SYNOVITIS / TENOSYNOVITIS,N
M65.9,SYNOVITIS / TENOSYNOVITIS,N
M65.87,SYNOVITIS / TENOSYNOVITIS - FOOT & ANKLE,N
G95.0,SYRINGOMYELIA,N
R00.0,TACHYCARDIA,N
B68.9,TAENIA,N
G57.5,TARSAL TUNNEL SYNDROME,N
K01.1,TEETH - IMPACTED,N
K00.7,TEETHING SYNDROME,N
I78.1,TELANGIECTASIA,N
L65.0,TELOGEN EFFLUVIUM,N
M77.9,TENDINITIS / CAPSULITIS,N
M77.0,TENNIS / GOLFERS' ELBOW,N
G44.2,TENSION HEADACHE,N
D27,"TERATOMA, MATURE & CYSTIC",N
Z33.2,TERMINATION OF PREGNANCY,N
E29,TESTICULAR DYSFUNCTION,N
A35,TETANUS,N
Q06.8,TETHERED CORD SYNDROME,N
D56,THALASSANEMIA,N
H26.4,THICKENING - POSTERIOR CAPSULE,N
O20.0,THREATENED ABORTION,N
D69.1,THROMBOCYTASTHENIA,N
D47.3,THROMBOCYTHEMIA,N
D69.6,THROMBOCYTOPENIA,N
I80.9,THROMBOPHLEBITIS,N
H34.9,THROMBOSIS - RETINAL,N
I82.9,THROMBOSIS - VEIN,N
H05.2,THROTOXIC EXOPHTHALMOS,N
B37,THRUSH,N
O99.2,THYROID DYSFUNCTION IN PREGNANCY,N
E04.1,THYROID NODULE,N
E06,THYROIDITIS,N
E05,THYROTOXICOSIS / GRAVES' DISEASE,N
F95,TICS,N
N47,TIGHT FORESKIN,N
B35.0,TINEA - BARBAE/CAPITIS (scalp & beard),N
B49,TINEA - CORPORIS/CORPUS,N
B35.6,TINEA - CRURIS (groin & perianal area),N
B35.3,TINEA - PEDIS (Athlete's foot),N
B35.1,TINEA - UNGUIUM (nail) / Onychomycosis,N
M33,TINEA - VERSICOLOR (scalp & beard),N
B49,TINEA / RINGWORM,N
H93.1,TINNITUS,N
H49.4,TOLOSA-HUNT SYNDROME,N
Q38.1,TONGUE TIE,N
J35.0,"TONSILLITIS / ADENOIDITIS , CHRONIC ",N
J03,"TONSILLITIS, ACUTE",N
K08.9,TOOTHACHE,N
S83.2,TORN MENISCUS,N
S83.2,"TORN MENISCUS, LEFT",N
S83.2,"TORN MENISCUS, RIGHT",N
N44,TORSION OF TESTIS,N
M43.6,TORTICOLLIS / WRY NECK,N
T51,TOXIC EFFECT - ALCOHOL,N
T58,TOXIC EFFECT - CARBON MONOXIDE,N
T50,TOXIC EFFECT - DRUG,N
T59,TOXIC EFFECT - GAS / FUME / VAPOR,N
T56.0,TOXIC EFFECT - LEAD,N
T56.1,TOXIC EFFECT - MERCURY,N
E05.2,TOXIC NODULAR GOITER,N
A48.3,TOXIC SHOCK SYNDROME,N
J04.1,"TRACHEITIS, ACUTE",N
A71,TRACHOMA,N
G45.9,TRANSIENT CEREBRAL ISCHEMIA,N
G45.9,TRANSIENT CEREBRAL ISCHEMIA,N
G45.4,TRANSIENT GLOBAL AMNESIA (TAG),N
H93.01,TRANSIENT ISCHEMIC DEAFNESS,N
L81.8,TRAUMATIC TATTOO,N
R25,TREMOR,N
H02.0,TRICHIASIS - EYELID,N
F63.3,TRICHOTILLOMANIA,N
M65.3,TRIGGER FINGER,N
N30.3,TRIGONITIS,N
A15,TUBERCULOSIS,N
A18.2,TUBERCULOSIS - CERVICAL LYMPH NODE,N
A18.0,TUBERCULOSIS - JOINT,N
A18.11,TUBERCULOSIS - KIDNEY,N
A18.13,TUBERCULOSIS - URINARY TRACT,N
K62.6,ULCER - ANUS & RECTUM,N
J39.8,ULCER - BRONCHUS / TRACHEA,N
H16,ULCER - CORNEA,N
H16,"ULCER - CORNEA, LEFT",N
H16,"ULCER - CORNEA, RIGHT",N
K26,ULCER - DUODENAL,N
K22.1,ULCER - ESOPHAGUS,N
K25,ULCER - GASTRIC,N
K28,ULCER - GASTROJEJUNAL,N
K63.3,ULCER - INTESTINE,N
L97,ULCER - LOWER LIMBS,N
K13.7,ULCER - ORAL,N
K27,ULCER - PEPTIC,N
L98.4,ULCER - SKIN,N
K14.0,ULCER - TONGUE,N
K26.4,ULCER BLEEDING - DUODENAL,N
K22.11,ULCER BLEEDING - ESOPHAGUS,N
K25.4,ULCER BLEEDING - GASTRIC,N
K28.4,ULCER BLEEDING - GASTROJEJUNAL,N
K27.4,ULCER BLEEDING - PEPTIC,N
N76.6,ULCERATION - VULVA,N
R40.0,"UNCONSCIOUSNESS, DROWSINESS",N
Q53.9,UNDESCENDED TESTIS,N
R69,"UNSPECIFIED (CAUSE, DIAGNOSIS)",N
O75.9,"UNSPECIFIED ABNORMALITY OF LABOR, DELIVERED",N
J06.0,UPPER RESP TRACT INFECT,N
N19,UREMIA,N
N34.0,URETHRITIS,N
N81.0,URETHROCELE,N
R35.0,URINARY FREQUENCY / HYPERURESIS,N
N39.0,URINARY TRACT INFECTION,N
L50.0,URTICARIA - ALLERGIC,N
L50.9,URTICARIA / HIVES,N
N80.0,UTERINE - ADENOMYOSIS,N
D26.9,UTERINE FIBROID,N
H20.9,UVEITIS,N
N76.0,VAGINITIS / VULVOVAGINITIS,N
B01,VARICELLA,N
I83,VARICOSE VEIN - LOWER LIMB,N
I85.01,VARIX - ESOPHAGEAL WITH BLEEDING,N
I85,VARIX - ESOPHAGUS,N
I86.8,VARIX - OTHER SITES,N
I86.1,VARIX - SCROTAL / VARICOCELE,N
I86.0,VARIX - SUBLINGUAL,N
I86.3,VARIX - VULVAL / PERINEUM,N
N49.2,VASITIS,N
I49.3,VENTRICULAR PREMATURE BEATS,N
Q21.0,VENTRICULAR SEPTAL DEFECT,N
I47.2,VENTRICULAR TACHYCARDIA,N
G45.0,VERTEBRAL ARTERY SYNDROME,N
H81.1,VERTIGO - BENIGN PAROXYSMAL POSITIONAL,N
H81.3,VERTIGO - PERIPHERAL,N
L99,VESICULAR ERUPTION,N
N49.0,VESICULITIS,N
H81.2,VESTIBULAR NEURONITIS,N
H83.0,VESTIBULITIS - EAR,N
J34.8,VESTIBULITIS - NASAL,N
H81.2,VESTIBULOPATHY,N
B34.9,VIREMIA,N
H53.9,VISUAL DISTURBANCE,N
H54,VISUAL LOSS,N
L80,VITILIGO,N
H43.3,VITREOUS FLOATER,N
K56.2,VOLVULUS - INTESTINE,N
C88.0,Waldenstrom Macroglobulinemia,N
B07,WART,N
A63.0,WART - GENITAL,N
H61.2,WAX IN EAR,N
H61.2,"WAX IN EAR, LEFT",N
H61.2,"WAX IN EAR, RIGHT",N
M62.81,WEAKNESS - MUSCLE,N
R63.5,WEIGHT GAIN (OBESITY),N
R63.4,WEIGHT LOSS,N
E34.8,WERNER'S SYNDROME,N
I45.6,WOLFF PARKINSON WHITE SX / WPW,N
H02.6,XAMTHELASMA - EYELID,N
E78.2,XANTHELASMA,N
E78.2,XANTHOMA,N
J06.0,UPPER RESPIRATORY TRACT INFECTION (URTI/URI),N
J06.0,UPPER RESPIRATORY TRACT INFECTION (URTI/URI),N
N94.6,DYSMENORRHOEA,N
W74,FLATULENCE,N
R50.9,FEVER / PYREXIA / FEBRILITY,N
R51,HEADACHE / CEPHALGIA,N
R05,COUGH / PERTUSSIS,N
R00.2,PALPITATION,N
F48.9,DEPRESSION / NEUROSIS / NEURASTHENIA,N
R53,MALAISE / TIRED / FATIGUE / AMYASTHENIA / LETHARGY,N
F41.9,ANXIETY,N
R42,VERTIGO / DIZZINESS / SYNCOPE / GIDDINESS/FAINTING,N
Y59,Vaccination / Immunization (R9),N
Z00.0,Check Up (R26),N
J06,UPPER RESPIRATORY TRACT INFECTION (URTI/URI),N
J30,Rhinitis,N
J06,PHARYNGITIS / HERPANGINA,N
J03,TONSILLITIS / QUINSY,N
J20,BRONCHITIS (ACUTE / CHRONIC) / BRONCHIOLITIS,N
J45,ALLERGIC ASTHMA,N
J66.8,ALLERGIC AIRWAY / HYPERACTIVE AIRWAY,N
R07.4,CHEST PAIN / INTERCOSTAL CHEST PAIN / PRECORDIAL PAIN / RIBS PAIN,N
I10,HYPERTENSION (HT) / HIGH BLOOD PRESSION (HBP),N
R00.0,TACHYCARDIA / VENTRICULAR TACHYCARDIA,N
I25.9,ISCHAEMIC / CORONARY HEART DISEASE (IHD) / CORONARY ARTERY DISEASE (CAD),N
R19.7,DIARRHOEA,N
A09,GASTRO-ENTERITIS (GE) / ENTERITIS,N
R10.1,EPIGASTRIC PAIN,N
K29,GASTRITIS  /  STOMACH ACHE  /  GASTRALGIA / PYLORI INFECTION / HELICOBACTER INFECTION,N
K52,COLITIS/NON-INFECTIOUS,N
D12.6,COLONIC TUMOUR,N
K58,IRRITABLE BOWEL SYNDROME (IBS),N
I84,HAEMORRHOID / PILES ,N
K62.5,P.R.BLEEDING / RECTAL BLEEDING,N
R10,ABDOMINAL COLIC PAIN,N
K27.9,ULCER SYNDROME PAIN,N
R14,FLATULENCE,N
K30,DYSPEPSIA / INDIGESTION,N
K59.0,CONSTIPATION,N
K80,GALL STONE,N
K76.0,Fatty liver,N
K21,REGURGITATION / GASTROESOPAGEAL REFLUS DISEASE (GERD),N
E14,DIABETES MELLITUS (DM),N
E04.9,GOITRE,N
E04.1,THYROID ADENOMA / TUMOR / NODULE,N
E05,THYROTOXICOSIS / GRAVES DISEASE / HYPERTHYROIDISM,N
E03.9,HYPOTHYROIDISM / THYROID DIFFICIENCY,N
E78.5,HYPERLIPIDEMIA,N
E34.9,HORMONAL IMBALANCE,N
D64.9,ANAEMIA / ANEMIA,N
E78.0,HYPERCHOLESTEROLAEMIA,N
N93.8,DYSFUNCTIONAL UTERINE BLEEDING (DUB) / MENORRHAGIA / MENORRHAGIA,N
N72,CERVICITIS,N
N76.0,VAGINITIS / VAGINAL ODOUR / VULVITIS / VULVOVAGINITIS / VAGINAL DISCHARGE,N
B37,MONILIASIS / CANDIDIASIS,N
N94.6,DYSMENORRHOEA,N
N89.8,LEUCORRHOEA,N
N95.1,MENOPAUSAL / MEMOPAUSE / AMENORRHOEA,N
N80.0,ENDOMETRIOSIS / ADENOMYOSIS,N
N61,MASTITIS,N
D25,OVARIAN CYST / UTERINE FIBROID / UTERINE FIBROMA / LEIOMYOMATA,N
N64.4,BREAST TUMOR LUMP / BREAST MASS,N
N73.9,PELVIC INFECTION (PID),N
N91.5,OLIGOMENORRHEA / HYPOMENORHOEA,N
N92.6,MENSTRUAL DISORDER / MENSTRUAL REGULATION / IRREGULAR PERIOD,N
R87.6,ABNORMAL PAP SMEAR,N
N30,CYSTITIS,N
N39.0,URINARY TRACT INFECTION (UTI.),N
N20.0,RENAL STONE/URETERIC STONE,N
R39,DYSURIA / POLYURIA / FREQUENCY,N
H60,OTITIS EXTERNA (PINNA / EXTERNAL AUDITORY CANAL),N
H66.9,OTITIS MEDIA (CSOM),N
R09.82,POST-NASAL DISCHARGE DRIPPING,N
J01,SINUSITIS / ETHMOIDITIS,N
J30.4,NASAL ALLERGY / NASAL MUCOSAL INFLAMMATION,N
H61.2,EAR INFECTION / EAR WAX,N
R04.0,EPISTAXIS NOSE BLEEDING,N
H81.0,MENIERE'S DISEASE,N
H93.1,TINNITUS,N
H91.9,DEAFNESS / HEARING LOSS / HEARING PROBLEM,N
L25,DERMATITIS (ALLERGIC CONTACT NEURO) / SKIN INJURY / SKIN ALLERGY,N
L25,ECZEMA,N
L50.0,URTICARIA,N
B35.1,PARONYCHIA / ONYCHIA LATERALIS / ONYCHOMYCOSIS / Tinea unguium / INGROWING TOE NAIL (IGN/IGTN) / NAIL DYSTROPHY,N
L40,PSORIASIS,N
L72,ABSCESS / LUMP / CYST / CALF HAEMATOMA WART / MASS / NODULE / LIPOMA / XANTHELASMA(?????F) / SEBACEOUS CYST,N
L21.0,SCALP INFCTION / DANDRUFF,N
W57,INSECT / MOSQUITO BITE,N
B85,HEAD LICE,N
B00.1,HERPES LABIALIS / LIP INFECTION/CHEILITIS / COLD SORE,N
B08.4,HERPES SIMPLEX (HSV) / HAND-FOOT-MOUTH DISEASE,N
B02,HERPES ZOSTER / SHINGLES,N
L70.9,ACNE VULGARIS/ ACNE/COMEDO (R14),N
L73.9,FOLLICULITIS,N
L71,ROSACEA,N
B49,TINEA INFECTION/PITYRIASIS / PITYRIASIS ROSEA,N
R21,RASH / INTERTRIGO,N
M54.3,SCIATICA / ISCHIALGIA,N
M10,GOUT / GOUTY ARTHRITIS,N
M54.5,LOW BACK PAIN (LBP) / LUMBAGO,N
M13.9,Arthritis; Arthralgia; Osteo-Arthritis (O.A.) / ENTHESITIS,N
M54.2,NECK PAIN / TORTICOLLIS / CERVICAL SPONDYLOSIS / RADICYLITIS / wryneck,N
M75.0,MUSCULAR STRAIN / FROZEN SHOULDER,N
M06.9,RHEUMATOID ARTHRITIS,N
M23.9,KNEE PAIN / PATELLAFEMONAL DYSFUNCTION,N
M25.53,WRIST PAIN,N
M25.57,ANKLE PAIN,N
M79.67,FOOT PAIN / LEG INJURY / Sesamoiditis / metatarsalgia / PODALGIA,N
M77.0,TENNIS ELBOW / EPICANDYLITIS,N
B01,CHICKEN POX (VARICELLA)/HIVES,N
B19,HEPATITIS,N
I88,VIRAL ADENITIS / LYMPHADENITIS / CERVICAL ADENITIS,N
M30.3,KAWASKI DISEASE,N
R59.9,CERVICAL GLANDS/LYMPH NODE(LN),N
B34.9,VIRAL INFECTION,N
T14.9,INJURY UNSPECIFIED,N
H44.0,EYE-INFECTION/RED EYE/BLEPHARITIS / DRY EYE / MEIBOMITIS,N
H00.1,MEIBOMIAN CYST / CHALAZION OF EYELID,N
H10,CONJUNCTIVITIS / EPISCLERITIS,N
H11.3,SUBCONJUNCTIVAL HAEMORRHAGE,N
H16,KERATITIS / CORNEAL ULCER / CORNEAL EPIERISIM / CORNEAL ERISION / LIMBITIS,N
H43.3,VITREOUS FLOATER / VITREOPATHY,N
H26.9,CATARACT,N
H40,GLAUCOMA,N
H20.9,IRITIS / UVEITIS,N
H53.8,VISUAL DISTURBANCES / ASTHENOPIA / BLURRED VISION,N
H35.3,MACULOPATHY,N
H33,RETINAL HOLE /RETINAL DETACHMENT,N
Z01.0,Eye Examnination,N
N48.1,BALANITIS / POSTHITIS,N
N40,B.P.H. (BENIGH PROSTATIC HYPERTROPHY / BENIGN PROSTATIC HYPERPLASIA ),N
N41.0,PROSTATITIS,N
K12,STOMATITIS/ORAL INFECTION/THRUST/BEHCET SYNDROME 01,N
K05,GINGIVITIS/PERIODONTITIS,N
G43,MIGRAINE,N
G51.0,FACIAL NERVE DISORDER / BELLS PALSY,N
